po_id,supplier_id,product_id,warehouse_id,order_date,expected_delivery_date,received_date,qty_ordered,qty_received,unit_cost,total_value,actual_lead_days,status
PO_000001,SUP_006,PRD_0001,WH_2,2023-01-01,2023-01-19,2023-01-17,594,594,49.35,29313.9,16,Received
PO_000002,SUP_006,PRD_0001,WH_1,2023-01-24,2023-02-11,2023-02-11,627,627,49.5,31036.5,18,Received
PO_000003,SUP_006,PRD_0001,WH_3,2023-02-09,2023-02-27,2023-02-16,450,450,47.45,21352.5,7,Received
PO_000004,SUP_006,PRD_0001,WH_4,2023-02-09,2023-02-27,2023-02-27,393,393,49.86,19594.98,18,Received
PO_000005,SUP_006,PRD_0001,WH_2,2023-03-25,2023-04-12,2023-04-17,498,498,48.12,23963.76,23,Received
PO_000006,SUP_006,PRD_0001,WH_1,2023-04-03,2023-04-21,2023-04-21,622,622,49.03,30496.66,18,Received
PO_000007,SUP_006,PRD_0001,WH_3,2023-04-11,2023-04-29,2023-04-22,452,452,48.46,21903.92,11,Received
PO_000008,SUP_006,PRD_0001,WH_4,2023-04-11,2023-04-29,2023-04-26,405,405,48.49,19638.45,15,Received
PO_000009,SUP_006,PRD_0001,WH_5,2023-04-12,2023-04-30,2023-05-12,262,262,48.96,12827.52,30,Received
PO_000010,SUP_004,PRD_0013,WH_2,2023-04-30,2023-05-07,2023-05-06,132,132,26.98,3561.36,6,Received
PO_000011,SUP_006,PRD_0001,WH_2,2023-05-09,2023-05-27,2023-05-19,493,493,48.86,24087.98,10,Received
PO_000012,SUP_004,PRD_0013,WH_1,2023-05-11,2023-05-18,,166,0,27.15,4506.9,,Cancelled
PO_000013,SUP_004,PRD_0013,WH_1,2023-05-12,2023-05-19,2023-05-19,176,176,26.86,4727.36,7,Received
PO_000014,SUP_006,PRD_0001,WH_1,2023-05-18,2023-06-05,2023-06-02,632,632,47.28,29880.96,15,Received
PO_000015,SUP_006,PRD_0001,WH_3,2023-05-23,2023-06-10,2023-06-04,462,462,47.29,21847.98,12,Received
PO_000016,SUP_004,PRD_0013,WH_2,2023-05-23,2023-05-30,2023-05-30,128,128,26.97,3452.16,7,Received
PO_000017,SUP_006,PRD_0001,WH_4,2023-05-24,2023-06-11,2023-06-14,398,398,47.86,19048.28,21,Received
PO_000018,SUP_006,PRD_0001,WH_5,2023-05-26,2023-06-13,,262,0,47.85,12536.7,,Cancelled
PO_000019,SUP_006,PRD_0001,WH_5,2023-05-27,2023-06-14,2023-06-04,269,269,48.27,12984.63,8,Received
PO_000020,SUP_004,PRD_0013,WH_1,2023-06-01,2023-06-08,2023-06-07,163,163,28.19,4594.97,6,Received
PO_000021,SUP_007,PRD_0015,WH_1,2023-06-08,2023-06-30,2023-07-29,180,180,35.56,6400.8,51,Received
PO_000022,SUP_004,PRD_0013,WH_5,2023-06-11,2023-06-18,2023-06-16,68,68,28.08,1909.44,5,Received
PO_000023,SUP_006,PRD_0001,WH_2,2023-06-14,2023-07-02,2023-06-26,493,493,47.85,23590.05,12,Received
PO_000024,SUP_006,PRD_0001,WH_1,2023-06-19,2023-07-07,2023-07-13,637,637,48.42,30843.54,24,Received
PO_000025,SUP_004,PRD_0013,WH_3,2023-06-21,2023-06-28,2023-07-04,118,118,27.57,3253.26,13,Received
PO_000026,SUP_004,PRD_0013,WH_2,2023-06-22,2023-06-29,2023-06-27,128,128,28.18,3607.04,5,Received
PO_000027,SUP_006,PRD_0001,WH_3,2023-06-24,2023-07-12,2023-07-14,453,453,50.13,22708.89,20,Received
PO_000028,SUP_006,PRD_0001,WH_4,2023-06-26,2023-07-14,2023-07-07,413,413,48.52,20038.76,11,Received
PO_000029,SUP_004,PRD_0013,WH_1,2023-06-26,2023-07-03,2023-07-03,167,167,28.23,4714.41,7,Received
PO_000030,SUP_006,PRD_0001,WH_5,2023-06-27,2023-07-15,2023-07-16,261,261,48.98,12783.78,19,Received
PO_000031,SUP_004,PRD_0013,WH_5,2023-06-29,2023-07-06,2023-07-07,66,66,27.99,1847.34,8,Received
PO_000032,SUP_002,PRD_0021,WH_1,2023-06-30,2023-07-25,2023-07-31,200,200,30.84,6168.0,31,Received
PO_000033,SUP_004,PRD_0013,WH_4,2023-07-07,2023-07-14,2023-07-29,104,104,26.76,2783.04,22,Received
PO_000034,SUP_004,PRD_0013,WH_2,2023-07-11,2023-07-18,2023-07-20,135,135,26.84,3623.4,9,Received
PO_000035,SUP_006,PRD_0001,WH_2,2023-07-12,2023-07-30,2023-07-24,506,506,49.97,25284.82,12,Received
PO_000036,SUP_004,PRD_0013,WH_1,2023-07-17,2023-07-24,2023-07-22,175,175,26.92,4711.0,5,Received
PO_000037,SUP_004,PRD_0013,WH_3,2023-07-18,2023-07-25,2023-07-23,120,120,27.01,3241.2,5,Received
PO_000038,SUP_006,PRD_0001,WH_1,2023-07-20,2023-08-07,2023-08-07,623,623,49.59,30894.57,18,Received
PO_000039,SUP_006,PRD_0001,WH_5,2023-07-22,2023-08-09,2023-08-05,253,253,49.9,12624.7,14,Received
PO_000040,SUP_006,PRD_0001,WH_3,2023-07-24,2023-08-11,2023-08-12,456,456,47.43,21628.08,19,Received
PO_000041,SUP_004,PRD_0013,WH_5,2023-07-25,2023-08-01,2023-07-30,66,43,27.27,1799.82,5,Partially Received
PO_000042,SUP_006,PRD_0001,WH_4,2023-07-27,2023-08-14,2023-08-17,398,398,47.53,18916.94,21,Received
PO_000043,SUP_007,PRD_0015,WH_3,2023-07-28,2023-08-19,2023-08-31,180,180,35.53,6395.4,34,Received
PO_000044,SUP_004,PRD_0013,WH_2,2023-07-30,2023-08-06,2023-08-08,129,129,27.64,3565.56,9,Received
PO_000045,SUP_002,PRD_0021,WH_2,2023-08-02,2023-08-27,2023-08-21,200,200,32.42,6484.0,19,Received
PO_000046,SUP_004,PRD_0013,WH_3,2023-08-03,2023-08-10,2023-08-08,118,118,26.74,3155.32,5,Received
PO_000047,SUP_006,PRD_0001,WH_2,2023-08-06,2023-08-24,2023-08-29,508,508,48.51,24643.08,23,Received
PO_000048,SUP_007,PRD_0015,WH_2,2023-08-06,2023-08-28,2023-09-05,180,180,36.47,6564.6,30,Received
PO_000049,SUP_004,PRD_0013,WH_4,2023-08-07,2023-08-14,2023-08-13,104,104,27.63,2873.52,6,Received
PO_000050,SUP_004,PRD_0013,WH_1,2023-08-09,2023-08-16,2023-08-17,170,170,27.11,4608.7,8,Received
PO_000051,SUP_004,PRD_0013,WH_5,2023-08-15,2023-08-22,2023-08-22,73,73,27.09,1977.57,7,Received
PO_000052,SUP_006,PRD_0001,WH_1,2023-08-17,2023-09-04,2023-09-10,623,623,49.31,30720.13,24,Received
PO_000053,SUP_006,PRD_0001,WH_5,2023-08-18,2023-09-05,2023-09-05,258,258,49.62,12801.96,18,Received
PO_000054,SUP_004,PRD_0013,WH_2,2023-08-18,2023-08-25,2023-08-25,129,129,27.93,3602.97,7,Received
PO_000055,SUP_006,PRD_0001,WH_3,2023-08-20,2023-09-07,2023-09-04,447,447,48.52,21688.44,15,Received
PO_000056,SUP_007,PRD_0015,WH_1,2023-08-21,2023-09-12,2023-09-03,180,180,36.73,6611.4,13,Received
PO_000057,SUP_004,PRD_0013,WH_3,2023-08-23,2023-08-30,2023-08-31,116,116,28.06,3254.96,8,Received
PO_000058,SUP_006,PRD_0001,WH_4,2023-08-25,2023-09-12,2023-09-01,408,408,49.78,20310.24,7,Received
PO_000059,SUP_004,PRD_0013,WH_4,2023-08-25,2023-09-01,2023-09-03,109,109,26.73,2913.57,9,Received
PO_000060,SUP_002,PRD_0021,WH_1,2023-08-26,2023-09-20,2023-09-13,200,200,31.14,6228.0,18,Received
PO_000061,SUP_004,PRD_0013,WH_1,2023-08-27,2023-09-03,,173,0,28.17,4873.41,,Cancelled
PO_000062,SUP_004,PRD_0013,WH_1,2023-08-28,2023-09-04,2023-09-03,177,177,27.64,4892.28,6,Received
PO_000063,SUP_006,PRD_0001,WH_2,2023-09-05,2023-09-23,2023-09-30,511,511,49.92,25509.12,25,Received
PO_000064,SUP_001,PRD_0007,WH_3,2023-09-05,2023-09-10,2023-09-09,50,50,26.36,1318.0,4,Received
PO_000065,SUP_004,PRD_0013,WH_2,2023-09-05,2023-09-12,2023-09-10,128,128,27.93,3575.04,5,Received
PO_000066,SUP_004,PRD_0013,WH_5,2023-09-05,2023-09-12,2023-09-12,66,66,28.01,1848.66,7,Received
PO_000067,SUP_004,PRD_0013,WH_3,2023-09-09,2023-09-16,2023-09-16,125,125,27.95,3493.75,7,Received
PO_000068,SUP_004,PRD_0013,WH_1,2023-09-13,2023-09-20,2023-09-21,173,173,27.73,4797.29,8,Received
PO_000069,SUP_004,PRD_0013,WH_4,2023-09-14,2023-09-21,2023-09-22,109,85,27.31,2976.79,8,Partially Received
PO_000070,SUP_006,PRD_0001,WH_3,2023-09-15,2023-10-03,2023-10-03,453,453,47.74,21626.22,18,Received
PO_000071,SUP_006,PRD_0001,WH_5,2023-09-15,2023-10-03,2023-10-01,266,266,49.74,13230.84,16,Received
PO_000072,SUP_006,PRD_0001,WH_1,2023-09-16,2023-10-04,2023-09-27,640,640,49.59,31737.6,11,Received
PO_000073,SUP_006,PRD_0001,WH_4,2023-09-19,2023-10-07,2023-10-11,399,257,49.31,19674.69,22,Partially Received
PO_000074,SUP_004,PRD_0013,WH_2,2023-09-20,2023-09-27,2023-09-28,130,130,27.57,3584.1,8,Received
PO_000075,SUP_001,PRD_0007,WH_3,2023-09-21,2023-09-26,2023-09-26,50,50,26.25,1312.5,5,Received
PO_000076,SUP_004,PRD_0013,WH_5,2023-09-22,2023-09-29,2023-09-27,66,66,28.37,1872.42,5,Received
PO_000077,SUP_004,PRD_0013,WH_3,2023-09-23,2023-09-30,2023-10-01,116,116,27.68,3210.88,8,Received
PO_000078,SUP_002,PRD_0021,WH_4,2023-09-26,2023-10-21,2023-10-11,200,200,32.39,6478.0,15,Received
PO_000079,SUP_004,PRD_0013,WH_1,2023-09-27,2023-10-04,2023-10-04,164,164,27.38,4490.32,7,Received
PO_000080,SUP_004,PRD_0013,WH_4,2023-09-28,2023-10-05,2023-10-05,113,113,27.12,3064.56,7,Received
PO_000081,SUP_001,PRD_0007,WH_4,2023-09-29,2023-10-04,2023-10-06,50,50,25.11,1255.5,7,Received
PO_000082,SUP_007,PRD_0015,WH_3,2023-10-05,2023-10-27,2023-10-19,180,180,35.43,6377.4,14,Received
PO_000083,SUP_002,PRD_0021,WH_2,2023-10-05,2023-10-30,2023-10-16,200,200,32.02,6404.0,11,Received
PO_000084,SUP_004,PRD_0013,WH_2,2023-10-06,2023-10-13,2023-10-14,133,133,27.61,3672.13,8,Received
PO_000085,SUP_006,PRD_0001,WH_2,2023-10-07,2023-10-25,2023-11-06,502,502,47.33,23759.66,30,Received
PO_000086,SUP_004,PRD_0013,WH_5,2023-10-07,2023-10-14,2023-10-13,73,73,27.69,2021.37,6,Received
PO_000087,SUP_006,PRD_0001,WH_3,2023-10-08,2023-10-26,2023-10-20,450,450,48.08,21636.0,12,Received
PO_000088,SUP_004,PRD_0013,WH_3,2023-10-08,2023-10-15,2023-10-13,116,116,26.85,3114.6,5,Received
PO_000089,SUP_006,PRD_0001,WH_1,2023-10-09,2023-10-27,2023-12-16,645,645,49.37,31843.65,68,Received
PO_000090,SUP_006,PRD_0001,WH_5,2023-10-10,2023-10-28,2023-10-29,255,255,49.39,12594.45,19,Received
PO_000091,SUP_007,PRD_0015,WH_1,2023-10-10,2023-11-01,2023-11-08,180,180,36.34,6541.2,29,Received
PO_000092,SUP_006,PRD_0001,WH_4,2023-10-11,2023-10-29,2023-11-06,456,456,49.71,22667.76,26,Received
PO_000093,SUP_007,PRD_0015,WH_2,2023-10-12,2023-11-03,2023-12-01,180,180,36.15,6507.0,50,Received
PO_000094,SUP_004,PRD_0013,WH_1,2023-10-13,2023-10-20,2023-10-19,163,163,26.94,4391.22,6,Received
PO_000095,SUP_001,PRD_0007,WH_3,2023-10-14,2023-10-19,2023-10-18,50,50,26.08,1304.0,4,Received
PO_000096,SUP_004,PRD_0013,WH_4,2023-10-14,2023-10-21,,105,0,27.21,2857.05,,Cancelled
PO_000097,SUP_004,PRD_0013,WH_4,2023-10-15,2023-10-22,2023-10-24,107,107,27.58,2951.06,9,Received
PO_000098,SUP_002,PRD_0021,WH_1,2023-10-15,2023-11-09,,200,0,31.1,6220.0,,Cancelled
PO_000099,SUP_002,PRD_0021,WH_1,2023-10-16,2023-11-10,2023-10-26,200,200,31.12,6224.0,10,Received
PO_000100,SUP_004,PRD_0013,WH_5,2023-10-22,2023-10-29,2023-10-28,68,68,27.08,1841.44,6,Received
PO_000101,SUP_004,PRD_0013,WH_2,2023-10-25,2023-11-01,2023-10-30,131,131,26.74,3502.94,5,Received
PO_000102,SUP_001,PRD_0007,WH_4,2023-10-26,2023-10-31,2023-10-30,50,50,24.9,1245.0,4,Received
PO_000103,SUP_004,PRD_0013,WH_3,2023-10-28,2023-11-04,2023-11-05,116,116,27.75,3219.0,8,Received
PO_000104,SUP_001,PRD_0007,WH_2,2023-10-29,2023-11-03,2023-11-01,50,50,25.42,1271.0,3,Received
PO_000105,SUP_004,PRD_0013,WH_1,2023-10-29,2023-11-05,2023-11-05,168,168,27.79,4668.72,7,Received
PO_000106,SUP_006,PRD_0001,WH_3,2023-10-30,2023-11-17,2023-11-15,453,453,49.45,22400.85,16,Received
PO_000107,SUP_004,PRD_0013,WH_4,2023-11-02,2023-11-09,2023-11-08,107,107,28.07,3003.49,6,Received
PO_000108,SUP_004,PRD_0013,WH_5,2023-11-02,2023-11-09,2023-11-08,66,66,27.13,1790.58,6,Received
PO_000109,SUP_006,PRD_0001,WH_5,2023-11-03,2023-11-21,2023-11-23,262,262,47.42,12424.04,20,Received
PO_000110,SUP_001,PRD_0007,WH_1,2023-11-05,2023-11-10,2023-11-10,50,50,25.33,1266.5,5,Received
PO_000111,SUP_001,PRD_0007,WH_3,2023-11-06,2023-11-11,2023-11-13,50,50,26.06,1303.0,7,Received
PO_000112,SUP_004,PRD_0013,WH_2,2023-11-08,2023-11-15,2023-11-17,128,128,28.23,3613.44,9,Received
PO_000113,SUP_006,PRD_0001,WH_2,2023-11-11,2023-11-29,2023-11-30,515,515,50.14,25822.1,19,Received
PO_000114,SUP_001,PRD_0007,WH_2,2023-11-12,2023-11-17,2023-11-21,50,50,26.29,1314.5,9,Received
PO_000115,SUP_004,PRD_0013,WH_3,2023-11-12,2023-11-19,2023-11-18,122,122,26.77,3265.94,6,Received
PO_000116,SUP_006,PRD_0001,WH_4,2023-11-13,2023-12-01,2023-11-28,408,408,49.9,20359.2,15,Received
PO_000117,SUP_004,PRD_0013,WH_1,2023-11-13,2023-11-20,2023-11-18,178,178,27.47,4889.66,5,Received
PO_000118,SUP_004,PRD_0013,WH_4,2023-11-13,2023-11-20,,108,0,28.17,3042.36,,Cancelled
PO_000119,SUP_004,PRD_0013,WH_5,2023-11-13,2023-11-20,2023-11-16,73,73,26.83,1958.59,3,Received
PO_000120,SUP_004,PRD_0013,WH_4,2023-11-14,2023-11-21,2023-11-25,120,120,26.97,3236.4,11,Received
PO_000121,SUP_002,PRD_0021,WH_3,2023-11-14,2023-12-09,,200,0,31.24,6248.0,,Cancelled
PO_000122,SUP_002,PRD_0021,WH_3,2023-11-15,2023-12-10,2023-12-12,200,200,31.15,6230.0,27,Received
PO_000123,SUP_001,PRD_0007,WH_4,2023-11-16,2023-11-21,2023-11-21,50,50,24.9,1245.0,5,Received
PO_000124,SUP_006,PRD_0001,WH_3,2023-11-19,2023-12-07,2023-12-01,457,457,47.8,21844.6,12,Received
PO_000125,SUP_004,PRD_0013,WH_2,2023-11-20,2023-11-27,2023-11-26,131,131,27.69,3627.39,6,Received
PO_000126,SUP_001,PRD_0007,WH_1,2023-11-21,2023-11-26,2023-11-26,50,40,25.46,1273.0,5,Partially Received
PO_000127,SUP_001,PRD_0007,WH_3,2023-11-21,2023-11-26,2023-11-24,50,50,25.64,1282.0,3,Received
PO_000128,SUP_004,PRD_0013,WH_5,2023-11-22,2023-11-29,2023-11-27,72,72,28.12,2024.64,5,Received
PO_000129,SUP_007,PRD_0015,WH_3,2023-11-22,2023-12-14,2023-12-29,180,180,35.65,6417.0,37,Received
PO_000130,SUP_002,PRD_0021,WH_1,2023-11-22,2023-12-17,2023-12-10,200,200,31.88,6376.0,18,Received
PO_000131,SUP_007,PRD_0015,WH_1,2023-11-23,2023-12-15,2023-12-01,180,180,35.83,6449.4,8,Received
PO_000132,SUP_002,PRD_0021,WH_2,2023-11-23,2023-12-18,2024-01-13,200,200,31.06,6212.0,51,Received
PO_000133,SUP_004,PRD_0013,WH_1,2023-11-25,2023-12-02,2023-11-30,175,175,26.86,4700.5,5,Received
PO_000134,SUP_004,PRD_0013,WH_3,2023-11-25,2023-12-02,2023-12-01,121,121,27.82,3366.22,6,Received
PO_000135,SUP_006,PRD_0018,WH_1,2023-11-25,2023-12-13,2023-12-23,120,120,23.94,2872.8,28,Received
PO_000136,SUP_006,PRD_0001,WH_5,2023-11-26,2023-12-14,2023-12-12,260,260,48.89,12711.4,16,Received
PO_000137,SUP_001,PRD_0007,WH_4,2023-11-29,2023-12-04,2023-12-04,50,50,24.98,1249.0,5,Received
PO_000138,SUP_001,PRD_0007,WH_1,2023-11-30,2023-12-05,2023-12-05,50,50,25.3,1265.0,5,Received
PO_000139,SUP_006,PRD_0001,WH_4,2023-12-01,2023-12-19,2023-12-28,400,400,49.58,19832.0,27,Received
PO_000140,SUP_001,PRD_0007,WH_2,2023-12-01,2023-12-06,2023-12-17,50,50,26.3,1315.0,16,Received
PO_000141,SUP_004,PRD_0013,WH_4,2023-12-01,2023-12-08,2023-12-08,108,108,26.94,2909.52,7,Received
PO_000142,SUP_004,PRD_0013,WH_2,2023-12-02,2023-12-09,2023-12-11,128,128,27.52,3522.56,9,Received
PO_000143,SUP_007,PRD_0015,WH_5,2023-12-02,2023-12-24,2023-12-22,180,180,36.43,6557.4,20,Received
PO_000144,SUP_002,PRD_0021,WH_4,2023-12-03,2023-12-28,2023-12-15,200,156,32.5,6500.0,12,Partially Received
PO_000145,SUP_006,PRD_0001,WH_2,2023-12-04,2023-12-22,2023-12-29,515,515,47.97,24704.55,25,Received
PO_000146,SUP_001,PRD_0007,WH_3,2023-12-04,2023-12-09,2023-12-09,50,50,25.02,1251.0,5,Received
PO_000147,SUP_004,PRD_0013,WH_1,2023-12-04,2023-12-11,2023-12-10,173,173,26.93,4658.89,6,Received
PO_000148,SUP_007,PRD_0015,WH_4,2023-12-04,2023-12-26,2023-12-18,180,180,36.52,6573.6,14,Received
PO_000149,SUP_006,PRD_0001,WH_3,2023-12-05,2023-12-23,2023-12-23,475,475,48.17,22880.75,18,Received
PO_000150,SUP_004,PRD_0013,WH_5,2023-12-05,2023-12-12,2023-12-13,72,72,26.85,1933.2,8,Received
PO_000151,SUP_004,PRD_0013,WH_3,2023-12-07,2023-12-14,2023-12-12,128,128,26.99,3454.72,5,Received
PO_000152,SUP_001,PRD_0007,WH_1,2023-12-09,2023-12-14,2023-12-13,50,50,25.81,1290.5,4,Received
PO_000153,SUP_004,PRD_0013,WH_4,2023-12-14,2023-12-21,2023-12-19,109,109,26.94,2936.46,5,Received
PO_000154,SUP_006,PRD_0001,WH_5,2023-12-15,2024-01-02,2023-12-29,264,264,47.85,12632.4,14,Received
PO_000155,SUP_004,PRD_0013,WH_1,2023-12-15,2023-12-22,2023-12-19,172,172,28.15,4841.8,4,Received
PO_000156,SUP_004,PRD_0013,WH_2,2023-12-15,2023-12-22,2023-12-22,138,138,27.34,3772.92,7,Received
PO_000157,SUP_001,PRD_0007,WH_4,2023-12-17,2023-12-22,2023-12-25,50,50,25.87,1293.5,8,Received
PO_000158,SUP_004,PRD_0013,WH_3,2023-12-18,2023-12-25,2023-12-23,116,116,28.32,3285.12,5,Received
PO_000159,SUP_004,PRD_0013,WH_5,2023-12-18,2023-12-25,2023-12-24,70,70,27.17,1901.9,6,Received
PO_000160,SUP_006,PRD_0001,WH_1,2023-12-19,2024-01-06,2024-01-02,648,648,49.68,32192.64,14,Received
PO_000161,SUP_002,PRD_0021,WH_1,2023-12-19,2024-01-13,2024-01-09,200,200,31.06,6212.0,21,Received
PO_000162,SUP_001,PRD_0007,WH_1,2023-12-21,2023-12-26,2023-12-27,50,50,26.38,1319.0,6,Received
PO_000163,SUP_004,PRD_0013,WH_4,2023-12-23,2023-12-30,2024-01-02,119,119,26.85,3195.15,10,Received
PO_000164,SUP_007,PRD_0015,WH_1,2023-12-23,2024-01-14,2024-01-06,180,180,36.71,6607.8,14,Received
PO_000165,SUP_001,PRD_0007,WH_3,2023-12-24,2023-12-29,2023-12-29,50,50,25.28,1264.0,5,Received
PO_000166,SUP_004,PRD_0013,WH_1,2023-12-25,2024-01-01,2024-01-07,165,165,27.98,4616.7,13,Received
PO_000167,SUP_007,PRD_0015,WH_2,2023-12-25,2024-01-16,2024-01-19,180,180,36.8,6624.0,25,Received
PO_000168,SUP_001,PRD_0007,WH_2,2023-12-26,2023-12-31,2023-12-30,50,50,25.79,1289.5,4,Received
PO_000169,SUP_004,PRD_0013,WH_3,2023-12-26,2024-01-02,2024-01-02,115,115,27.81,3198.15,7,Received
PO_000170,SUP_006,PRD_0001,WH_3,2023-12-27,2024-01-14,2024-01-16,469,469,47.64,22343.16,20,Received
PO_000171,SUP_004,PRD_0013,WH_2,2023-12-27,2024-01-03,2024-01-01,144,144,28.37,4085.28,5,Received
PO_000172,SUP_004,PRD_0013,WH_5,2023-12-30,2024-01-06,2024-01-03,72,72,28.22,2031.84,4,Received
PO_000173,SUP_006,PRD_0001,WH_4,2023-12-31,2024-01-18,2024-01-27,411,411,49.19,20217.09,27,Received
PO_000174,SUP_006,PRD_0001,WH_2,2024-01-01,2024-01-19,2024-01-18,499,499,49.8,24850.2,17,Received
PO_000175,SUP_001,PRD_0007,WH_1,2024-01-01,2024-01-06,2024-01-17,54,54,26.37,1423.98,16,Received
PO_000176,SUP_002,PRD_0021,WH_3,2024-01-01,2024-01-26,2024-01-19,200,200,31.49,6298.0,18,Received
PO_000177,SUP_006,PRD_0001,WH_5,2024-01-03,2024-01-21,2024-01-27,275,275,47.5,13062.5,24,Received
PO_000178,SUP_001,PRD_0007,WH_4,2024-01-03,2024-01-08,2024-01-06,50,50,25.87,1293.5,3,Received
PO_000179,SUP_006,PRD_0001,WH_1,2024-01-05,2024-01-23,2024-01-21,636,636,48.53,30865.08,16,Received
PO_000180,SUP_004,PRD_0013,WH_4,2024-01-06,2024-01-13,2024-01-11,105,105,28.27,2968.35,5,Received
PO_000181,SUP_004,PRD_0013,WH_3,2024-01-07,2024-01-14,2024-01-11,123,123,28.32,3483.36,4,Received
PO_000182,SUP_001,PRD_0007,WH_2,2024-01-08,2024-01-13,2024-01-12,50,50,25.5,1275.0,4,Received
PO_000183,SUP_004,PRD_0013,WH_2,2024-01-08,2024-01-15,2024-01-12,139,139,27.29,3793.31,4,Received
PO_000184,SUP_001,PRD_0007,WH_3,2024-01-09,2024-01-14,2024-01-13,50,50,25.43,1271.5,4,Received
PO_000185,SUP_004,PRD_0013,WH_5,2024-01-09,2024-01-16,2024-01-16,66,66,27.33,1803.78,7,Received
PO_000186,SUP_004,PRD_0013,WH_1,2024-01-12,2024-01-19,2024-01-20,180,180,27.73,4991.4,8,Received
PO_000187,SUP_002,PRD_0021,WH_4,2024-01-12,2024-02-06,2024-02-12,200,200,31.88,6376.0,31,Received
PO_000188,SUP_001,PRD_0007,WH_4,2024-01-17,2024-01-22,2024-01-20,50,50,25.69,1284.5,3,Received
PO_000189,SUP_004,PRD_0013,WH_4,2024-01-19,2024-01-26,2024-01-27,107,107,27.2,2910.4,8,Received
PO_000190,SUP_006,PRD_0001,WH_3,2024-01-20,2024-02-07,2024-02-04,467,467,49.91,23307.97,15,Received
PO_000191,SUP_007,PRD_0015,WH_3,2024-01-20,2024-02-11,2024-01-27,180,180,36.48,6566.4,7,Received
PO_000192,SUP_006,PRD_0018,WH_1,2024-01-20,2024-02-07,2024-02-05,120,120,25.04,3004.8,16,Received
PO_000193,SUP_004,PRD_0013,WH_2,2024-01-21,2024-01-28,2024-01-26,136,136,27.57,3749.52,5,Received
PO_000194,SUP_004,PRD_0013,WH_3,2024-01-21,2024-01-28,2024-02-12,115,115,28.33,3257.95,22,Received
PO_000195,SUP_004,PRD_0013,WH_5,2024-01-22,2024-01-29,2024-01-31,70,70,28.3,1981.0,9,Received
PO_000196,SUP_006,PRD_0001,WH_2,2024-01-23,2024-02-10,2024-02-13,515,515,48.72,25090.8,21,Received
PO_000197,SUP_001,PRD_0007,WH_1,2024-01-23,2024-01-28,2024-01-29,51,51,26.21,1336.71,6,Received
PO_000198,SUP_001,PRD_0007,WH_2,2024-01-23,2024-01-28,2024-01-28,50,50,26.25,1312.5,5,Received
PO_000199,SUP_007,PRD_0015,WH_4,2024-01-23,2024-02-14,2024-02-14,180,180,37.3,6714.0,22,Received
PO_000200,SUP_006,PRD_0018,WH_3,2024-01-23,2024-02-10,2024-02-05,120,120,24.29,2914.8,13,Received
PO_000201,SUP_002,PRD_0021,WH_1,2024-01-23,2024-02-17,2024-02-24,200,200,32.47,6494.0,32,Received
PO_000202,SUP_001,PRD_0007,WH_3,2024-01-24,2024-01-29,2024-02-11,50,42,25.54,1277.0,18,Partially Received
PO_000203,SUP_007,PRD_0015,WH_1,2024-01-24,2024-02-15,2024-03-01,180,180,36.14,6505.2,37,Received
PO_000204,SUP_006,PRD_0001,WH_1,2024-01-25,2024-02-12,2024-02-10,632,632,49.7,31410.4,16,Received
PO_000205,SUP_004,PRD_0013,WH_1,2024-01-26,2024-02-02,2024-02-01,167,167,27.93,4664.31,6,Received
PO_000206,SUP_001,PRD_0007,WH_4,2024-01-30,2024-02-04,2024-02-06,50,50,25.61,1280.5,7,Received
PO_000207,SUP_006,PRD_0001,WH_4,2024-01-31,2024-02-18,2024-02-15,416,416,47.59,19797.44,15,Received
PO_000208,SUP_006,PRD_0001,WH_5,2024-02-01,2024-02-19,2024-02-12,261,261,47.32,12350.52,11,Received
PO_000209,SUP_004,PRD_0013,WH_2,2024-02-01,2024-02-08,2024-02-07,137,137,27.6,3781.2,6,Received
PO_000210,SUP_004,PRD_0013,WH_4,2024-02-02,2024-02-09,2024-02-08,105,105,27.7,2908.5,6,Received
PO_000211,SUP_001,PRD_0007,WH_1,2024-02-03,2024-02-08,2024-02-09,50,50,25.52,1276.0,6,Received
PO_000212,SUP_001,PRD_0007,WH_2,2024-02-03,2024-02-08,2024-02-11,50,50,25.98,1299.0,8,Received
PO_000213,SUP_004,PRD_0013,WH_5,2024-02-07,2024-02-14,2024-02-14,68,68,28.14,1913.52,7,Received
PO_000214,SUP_002,PRD_0021,WH_2,2024-02-07,2024-03-03,,200,0,31.24,6248.0,,Cancelled
PO_000215,SUP_006,PRD_0001,WH_3,2024-02-08,2024-02-26,2024-02-24,448,448,47.57,21311.36,16,Received
PO_000216,SUP_004,PRD_0013,WH_1,2024-02-08,2024-02-15,2024-02-14,170,170,27.52,4678.4,6,Received
PO_000217,SUP_002,PRD_0021,WH_2,2024-02-08,2024-03-04,2024-02-20,200,200,32.22,6444.0,12,Received
PO_000218,SUP_001,PRD_0007,WH_5,2024-02-10,2024-02-15,2024-02-14,50,50,26.37,1318.5,4,Received
PO_000219,SUP_006,PRD_0018,WH_2,2024-02-12,2024-03-01,2024-03-02,120,120,23.87,2864.4,19,Received
PO_000220,SUP_001,PRD_0007,WH_1,2024-02-14,2024-02-19,2024-02-20,50,50,25.28,1264.0,6,Received
PO_000221,SUP_004,PRD_0013,WH_2,2024-02-14,2024-02-21,2024-02-19,133,133,27.64,3676.12,5,Received
PO_000222,SUP_004,PRD_0013,WH_4,2024-02-14,2024-02-21,2024-02-20,117,117,26.79,3134.43,6,Received
PO_000223,SUP_006,PRD_0001,WH_1,2024-02-15,2024-03-04,2024-03-09,651,651,49.04,31925.04,23,Received
PO_000224,SUP_002,PRD_0021,WH_5,2024-02-15,2024-03-11,2024-03-08,200,200,30.77,6154.0,22,Received
PO_000225,SUP_006,PRD_0001,WH_2,2024-02-18,2024-03-07,2024-03-05,516,516,47.46,24489.36,16,Received
PO_000226,SUP_006,PRD_0001,WH_5,2024-02-18,2024-03-07,2024-02-29,253,253,47.71,12070.63,11,Received
PO_000227,SUP_004,PRD_0013,WH_3,2024-02-18,2024-02-25,2024-02-24,124,124,27.66,3429.84,6,Received
PO_000228,SUP_001,PRD_0007,WH_3,2024-02-19,2024-02-24,2024-02-25,50,50,25.63,1281.5,6,Received
PO_000229,SUP_007,PRD_0015,WH_2,2024-02-19,2024-03-12,2024-03-12,180,180,37.3,6714.0,22,Received
PO_000230,SUP_006,PRD_0001,WH_4,2024-02-20,2024-03-09,2024-02-27,396,396,49.27,19510.92,7,Received
PO_000231,SUP_001,PRD_0007,WH_4,2024-02-20,2024-02-25,2024-02-27,50,50,25.99,1299.5,7,Received
PO_000232,SUP_004,PRD_0013,WH_1,2024-02-20,2024-02-27,2024-02-26,165,165,27.33,4509.45,6,Received
PO_000233,SUP_004,PRD_0013,WH_5,2024-02-20,2024-02-27,2024-03-05,72,72,27.84,2004.48,14,Received
PO_000234,SUP_001,PRD_0007,WH_2,2024-02-21,2024-02-26,2024-02-27,50,50,25.48,1274.0,6,Received
PO_000235,SUP_006,PRD_0018,WH_5,2024-02-21,2024-03-10,2024-03-27,120,120,23.77,2852.4,35,Received
PO_000236,SUP_002,PRD_0021,WH_3,2024-02-21,2024-03-17,2024-03-13,200,200,31.8,6360.0,21,Received
PO_000237,SUP_007,PRD_0015,WH_5,2024-02-24,2024-03-17,2024-03-06,180,180,35.79,6442.2,11,Received
PO_000238,SUP_004,PRD_0013,WH_2,2024-02-25,2024-03-03,2024-03-03,133,133,27.48,3654.84,7,Received
PO_000239,SUP_004,PRD_0013,WH_4,2024-02-26,2024-03-04,2024-03-03,105,105,27.03,2838.15,6,Received
PO_000240,SUP_006,PRD_0001,WH_3,2024-02-28,2024-03-17,2024-03-25,472,472,49.36,23297.92,26,Received
PO_000241,SUP_001,PRD_0007,WH_1,2024-02-28,2024-03-04,2024-03-04,50,50,24.92,1246.0,5,Received
PO_000242,SUP_004,PRD_0013,WH_3,2024-03-02,2024-03-09,2024-03-10,126,126,28.2,3553.2,8,Received
PO_000243,SUP_003,PRD_0009,WH_3,2024-03-03,2024-03-13,2024-03-12,80,80,18.65,1492.0,9,Received
PO_000244,SUP_004,PRD_0013,WH_1,2024-03-03,2024-03-10,2024-03-09,179,179,28.21,5049.59,6,Received
PO_000245,SUP_001,PRD_0007,WH_5,2024-03-04,2024-03-09,2024-03-21,50,50,25.56,1278.0,17,Received
PO_000246,SUP_006,PRD_0001,WH_5,2024-03-06,2024-03-24,2024-03-20,259,259,47.33,12258.47,14,Received
PO_000247,SUP_001,PRD_0007,WH_2,2024-03-06,2024-03-11,,50,0,25.43,1271.5,,Cancelled
PO_000248,SUP_001,PRD_0007,WH_3,2024-03-06,2024-03-11,2024-03-11,50,50,25.9,1295.0,5,Received
PO_000249,SUP_002,PRD_0021,WH_1,2024-03-06,2024-03-31,2024-04-23,200,200,31.46,6292.0,48,Received
PO_000250,SUP_001,PRD_0007,WH_2,2024-03-07,2024-03-12,2024-03-12,50,50,25.03,1251.5,5,Received
PO_000251,SUP_004,PRD_0013,WH_2,2024-03-08,2024-03-15,2024-03-17,130,130,27.44,3567.2,9,Received
PO_000252,SUP_006,PRD_0001,WH_2,2024-03-09,2024-03-27,2024-03-20,511,511,47.66,24354.26,11,Received
PO_000253,SUP_006,PRD_0001,WH_4,2024-03-09,2024-03-27,2024-04-03,402,402,47.74,19191.48,25,Received
PO_000254,SUP_001,PRD_0007,WH_4,2024-03-09,2024-03-14,2024-03-17,50,50,25.84,1292.0,8,Received
PO_000255,SUP_004,PRD_0013,WH_4,2024-03-09,2024-03-16,,112,0,27.59,3090.08,,Cancelled
PO_000256,SUP_007,PRD_0015,WH_3,2024-03-09,2024-03-31,2024-04-07,180,180,35.43,6377.4,29,Received
PO_000257,SUP_004,PRD_0013,WH_4,2024-03-10,2024-03-17,2024-03-20,120,120,27.12,3254.4,10,Received
PO_000258,SUP_004,PRD_0013,WH_5,2024-03-10,2024-03-17,2024-03-18,69,69,26.98,1861.62,8,Received
PO_000259,SUP_002,PRD_0019,WH_1,2024-03-10,2024-04-04,2024-03-30,200,200,23.84,4768.0,20,Received
PO_000260,SUP_001,PRD_0007,WH_1,2024-03-11,2024-03-16,2024-03-17,50,50,25.8,1290.0,6,Received
PO_000261,SUP_006,PRD_0018,WH_1,2024-03-11,2024-03-29,2024-04-02,120,120,23.99,2878.8,22,Received
PO_000262,SUP_006,PRD_0001,WH_1,2024-03-13,2024-03-31,2024-03-25,637,637,47.64,30346.68,12,Received
PO_000263,SUP_002,PRD_0021,WH_4,2024-03-14,2024-04-08,2024-04-03,200,200,31.67,6334.0,20,Received
PO_000264,SUP_004,PRD_0013,WH_3,2024-03-15,2024-03-22,2024-03-22,119,119,27.17,3233.23,7,Received
PO_000265,SUP_004,PRD_0013,WH_1,2024-03-17,2024-03-24,2024-03-24,179,179,27.81,4977.99,7,Received
PO_000266,SUP_007,PRD_0015,WH_1,2024-03-17,2024-04-08,2024-04-15,180,180,36.87,6636.6,29,Received
PO_000267,SUP_001,PRD_0007,WH_1,2024-03-20,2024-03-25,2024-03-24,53,53,26.09,1382.77,4,Received
PO_000268,SUP_001,PRD_0007,WH_2,2024-03-20,2024-03-25,2024-03-23,50,50,25.81,1290.5,3,Received
PO_000269,SUP_001,PRD_0007,WH_3,2024-03-20,2024-03-25,2024-03-23,50,50,26.25,1312.5,3,Received
PO_000270,SUP_007,PRD_0015,WH_4,2024-03-20,2024-04-11,2024-04-12,180,180,36.39,6550.2,23,Received
PO_000271,SUP_002,PRD_0021,WH_2,2024-03-21,2024-04-15,2024-03-29,200,200,31.29,6258.0,8,Received
PO_000272,SUP_004,PRD_0013,WH_2,2024-03-22,2024-03-29,2024-03-30,129,129,26.91,3471.39,8,Received
PO_000273,SUP_006,PRD_0001,WH_2,2024-03-23,2024-04-10,,496,0,48.06,23837.76,,Cancelled
PO_000274,SUP_006,PRD_0001,WH_5,2024-03-23,2024-04-10,2024-04-10,269,269,48.85,13140.65,18,Received
PO_000275,SUP_006,PRD_0001,WH_2,2024-03-24,2024-04-11,2024-04-03,520,520,49.51,25745.2,10,Received
PO_000276,SUP_004,PRD_0013,WH_5,2024-03-24,2024-03-31,2024-03-31,71,71,27.6,1959.6,7,Received
PO_000277,SUP_001,PRD_0022,WH_2,2024-03-24,2024-03-29,2024-04-09,50,50,26.58,1329.0,16,Received
PO_000278,SUP_004,PRD_0013,WH_4,2024-03-25,2024-04-01,2024-04-04,111,111,27.64,3068.04,10,Received
PO_000279,SUP_004,PRD_0013,WH_3,2024-03-26,2024-04-02,2024-04-02,116,116,28.17,3267.72,7,Received
PO_000280,SUP_001,PRD_0022,WH_1,2024-03-27,2024-04-01,2024-04-01,50,50,27.37,1368.5,5,Received
PO_000281,SUP_001,PRD_0007,WH_4,2024-03-28,2024-04-02,2024-03-31,50,50,25.26,1263.0,3,Received
PO_000282,SUP_006,PRD_0001,WH_1,2024-03-29,2024-04-16,2024-04-07,636,636,48.84,31062.24,9,Received
PO_000283,SUP_006,PRD_0001,WH_3,2024-03-29,2024-04-16,2024-04-26,461,461,49.99,23045.39,28,Received
PO_000284,SUP_001,PRD_0007,WH_1,2024-03-29,2024-04-03,2024-04-02,50,50,25.36,1268.0,4,Received
PO_000285,SUP_004,PRD_0013,WH_1,2024-03-30,2024-04-06,2024-04-09,169,152,28.19,4764.11,10,Partially Received
PO_000286,SUP_006,PRD_0018,WH_3,2024-03-30,2024-04-17,2024-04-29,120,120,24.64,2956.8,30,Received
PO_000287,SUP_007,PRD_0015,WH_2,2024-04-02,2024-04-24,2024-04-27,180,180,35.88,6458.4,25,Received
PO_000288,SUP_001,PRD_0007,WH_2,2024-04-03,2024-04-08,2024-04-08,50,50,25.31,1265.5,5,Received
PO_000289,SUP_004,PRD_0013,WH_2,2024-04-04,2024-04-11,2024-04-14,136,136,27.67,3763.12,10,Received
PO_000290,SUP_001,PRD_0007,WH_3,2024-04-05,2024-04-10,2024-04-09,50,50,25.22,1261.0,4,Received
PO_000291,SUP_004,PRD_0013,WH_5,2024-04-05,2024-04-12,2024-04-15,67,67,27.78,1861.26,10,Received
PO_000292,SUP_006,PRD_0001,WH_4,2024-04-06,2024-04-24,2024-05-14,406,406,47.62,19333.72,38,Received
PO_000293,SUP_004,PRD_0013,WH_3,2024-04-06,2024-04-13,2024-04-11,116,116,28.33,3286.28,5,Received
PO_000294,SUP_001,PRD_0007,WH_5,2024-04-07,2024-04-12,2024-04-10,50,50,25.53,1276.5,3,Received
PO_000295,SUP_004,PRD_0013,WH_4,2024-04-08,2024-04-15,2024-04-14,105,105,27.88,2927.4,6,Received
PO_000296,SUP_006,PRD_0018,WH_2,2024-04-08,2024-04-26,2024-04-19,120,120,24.92,2990.4,11,Received
PO_000297,SUP_002,PRD_0021,WH_3,2024-04-08,2024-05-03,2024-04-30,200,200,32.48,6496.0,22,Received
PO_000298,SUP_001,PRD_0007,WH_1,2024-04-09,2024-04-14,2024-04-16,50,50,26.4,1320.0,7,Received
PO_000299,SUP_006,PRD_0001,WH_2,2024-04-10,2024-04-28,2024-05-03,528,528,49.0,25872.0,23,Received
PO_000300,SUP_006,PRD_0018,WH_4,2024-04-11,2024-04-29,2024-04-25,120,120,25.13,3015.6,14,Received
PO_000301,SUP_004,PRD_0013,WH_1,2024-04-12,2024-04-19,2024-04-22,163,163,28.18,4593.34,10,Received
PO_000302,SUP_006,PRD_0001,WH_1,2024-04-13,2024-05-01,2024-05-14,650,650,47.71,31011.5,31,Received
PO_000303,SUP_001,PRD_0007,WH_2,2024-04-13,2024-04-18,2024-05-04,50,50,25.58,1279.0,21,Received
PO_000304,SUP_006,PRD_0001,WH_5,2024-04-15,2024-05-03,2024-05-03,257,257,48.26,12402.82,18,Received
PO_000305,SUP_004,PRD_0013,WH_3,2024-04-16,2024-04-23,2024-04-23,130,130,26.73,3474.9,7,Received
PO_000306,SUP_001,PRD_0007,WH_4,2024-04-17,2024-04-22,2024-04-22,50,50,25.12,1256.0,5,Received
PO_000307,SUP_004,PRD_0013,WH_2,2024-04-20,2024-04-27,2024-04-30,129,129,27.4,3534.6,10,Received
PO_000308,SUP_004,PRD_0013,WH_4,2024-04-20,2024-04-27,2024-04-25,109,109,28.12,3065.08,5,Received
PO_000309,SUP_004,PRD_0013,WH_5,2024-04-20,2024-04-27,2024-04-26,69,69,27.17,1874.73,6,Received
PO_000310,SUP_003,PRD_0009,WH_2,2024-04-21,2024-05-01,2024-04-30,80,80,18.52,1481.6,9,Received
PO_000311,SUP_001,PRD_0022,WH_1,2024-04-22,2024-04-27,2024-04-26,50,50,26.58,1329.0,4,Received
PO_000312,SUP_001,PRD_0007,WH_1,2024-04-23,2024-04-28,2024-04-27,50,50,25.52,1276.0,4,Received
PO_000313,SUP_001,PRD_0007,WH_3,2024-04-23,2024-04-28,2024-05-15,50,50,26.38,1319.0,22,Received
PO_000314,SUP_004,PRD_0013,WH_1,2024-04-26,2024-05-03,2024-05-02,188,188,27.11,5096.68,6,Received
PO_000315,SUP_003,PRD_0009,WH_1,2024-04-27,2024-05-07,2024-05-05,80,80,19.0,1520.0,8,Received
PO_000316,SUP_002,PRD_0021,WH_2,2024-04-27,2024-05-22,2024-06-17,200,200,31.77,6354.0,51,Received
PO_000317,SUP_006,PRD_0001,WH_3,2024-04-30,2024-05-18,2024-05-15,454,454,48.12,21846.48,15,Received
PO_000318,SUP_004,PRD_0013,WH_3,2024-04-30,2024-05-07,2024-05-06,119,119,26.81,3190.39,6,Received
PO_000319,SUP_001,PRD_0022,WH_2,2024-04-30,2024-05-05,2024-05-04,50,50,26.65,1332.5,4,Received
PO_000320,SUP_001,PRD_0007,WH_5,2024-05-01,2024-05-06,2024-05-29,50,50,25.89,1294.5,28,Received
PO_000321,SUP_004,PRD_0013,WH_5,2024-05-01,2024-05-08,2024-05-06,66,66,27.52,1816.32,5,Received
PO_000322,SUP_006,PRD_0018,WH_1,2024-05-01,2024-05-19,2024-05-18,120,120,24.08,2889.6,17,Received
PO_000323,SUP_001,PRD_0007,WH_1,2024-05-02,2024-05-07,2024-05-06,50,50,25.82,1291.0,4,Received
PO_000324,SUP_001,PRD_0007,WH_4,2024-05-02,2024-05-07,2024-05-07,50,50,26.12,1306.0,5,Received
PO_000325,SUP_004,PRD_0013,WH_4,2024-05-02,2024-05-09,2024-05-08,110,110,26.85,2953.5,6,Received
PO_000326,SUP_007,PRD_0015,WH_1,2024-05-02,2024-05-24,2024-05-22,180,180,36.64,6595.2,20,Received
PO_000327,SUP_004,PRD_0013,WH_2,2024-05-04,2024-05-11,2024-05-11,132,132,26.85,3544.2,7,Received
PO_000328,SUP_002,PRD_0021,WH_1,2024-05-05,2024-05-30,2024-05-26,200,200,31.08,6216.0,21,Received
PO_000329,SUP_002,PRD_0021,WH_4,2024-05-05,2024-05-30,2024-06-18,200,200,31.03,6206.0,44,Received
PO_000330,SUP_002,PRD_0021,WH_5,2024-05-05,2024-05-30,2024-06-04,200,200,31.24,6248.0,30,Received
PO_000331,SUP_006,PRD_0001,WH_5,2024-05-06,2024-05-24,2024-06-05,264,264,49.05,12949.2,30,Received
PO_000332,SUP_006,PRD_0001,WH_2,2024-05-07,2024-05-25,2024-05-21,513,513,47.9,24572.7,14,Received
PO_000333,SUP_007,PRD_0015,WH_3,2024-05-08,2024-05-30,2024-06-09,180,180,36.79,6622.2,32,Received
PO_000334,SUP_004,PRD_0013,WH_1,2024-05-09,2024-05-16,2024-05-14,164,164,27.97,4587.08,5,Received
PO_000335,SUP_004,PRD_0013,WH_5,2024-05-11,2024-05-18,2024-05-21,72,72,27.41,1973.52,10,Received
PO_000336,SUP_004,PRD_0013,WH_3,2024-05-12,2024-05-19,2024-05-20,121,121,26.87,3251.27,8,Received
PO_000337,SUP_001,PRD_0007,WH_1,2024-05-14,2024-05-19,2024-05-18,50,50,26.32,1316.0,4,Received
PO_000338,SUP_001,PRD_0007,WH_2,2024-05-15,2024-05-20,2024-05-30,50,50,26.29,1314.5,15,Received
PO_000339,SUP_004,PRD_0013,WH_4,2024-05-15,2024-05-22,2024-05-24,105,105,27.37,2873.85,9,Received
PO_000340,SUP_007,PRD_0015,WH_4,2024-05-16,2024-06-07,2024-06-16,180,180,37.36,6724.8,31,Received
PO_000341,SUP_004,PRD_0013,WH_2,2024-05-17,2024-05-24,2024-05-26,133,133,27.62,3673.46,9,Received
PO_000342,SUP_006,PRD_0001,WH_1,2024-05-18,2024-06-05,2024-06-11,657,657,50.09,32909.13,24,Received
PO_000343,SUP_006,PRD_0001,WH_3,2024-05-18,2024-06-05,2024-06-09,455,455,49.95,22727.25,22,Received
PO_000344,SUP_006,PRD_0001,WH_4,2024-05-18,2024-06-05,2024-06-09,394,394,49.6,19542.4,22,Received
PO_000345,SUP_007,PRD_0015,WH_5,2024-05-18,2024-06-09,2024-06-09,180,180,37.38,6728.4,22,Received
PO_000346,SUP_001,PRD_0022,WH_1,2024-05-18,2024-05-23,2024-05-24,50,50,27.7,1385.0,6,Received
PO_000347,SUP_004,PRD_0013,WH_1,2024-05-20,2024-05-27,2024-05-25,174,174,27.87,4849.38,5,Received
PO_000348,SUP_002,PRD_0019,WH_3,2024-05-20,2024-06-14,2024-06-01,200,200,23.07,4614.0,12,Received
PO_000349,SUP_003,PRD_0009,WH_3,2024-05-21,2024-05-31,2024-05-30,80,80,18.2,1456.0,9,Received
PO_000350,SUP_007,PRD_0015,WH_2,2024-05-21,2024-06-12,2024-06-20,180,180,36.74,6613.2,30,Received
PO_000351,SUP_001,PRD_0007,WH_3,2024-05-22,2024-05-27,2024-05-27,50,33,26.07,1303.5,5,Partially Received
PO_000352,SUP_001,PRD_0007,WH_4,2024-05-22,2024-05-27,2024-05-27,50,50,26.32,1316.0,5,Received
PO_000353,SUP_006,PRD_0001,WH_2,2024-05-25,2024-06-12,2024-06-12,525,525,47.72,25053.0,18,Received
PO_000354,SUP_001,PRD_0007,WH_1,2024-05-25,2024-05-30,2024-05-29,50,50,26.05,1302.5,4,Received
PO_000355,SUP_002,PRD_0006,WH_1,2024-05-27,2024-06-21,2024-07-08,200,200,5.47,1094.0,42,Received
PO_000356,SUP_004,PRD_0013,WH_5,2024-05-27,2024-06-03,2024-06-03,70,70,26.99,1889.3,7,Received
PO_000357,SUP_004,PRD_0013,WH_3,2024-05-28,2024-06-04,2024-06-01,121,121,27.2,3291.2,4,Received
PO_000358,SUP_002,PRD_0021,WH_3,2024-05-28,2024-06-22,2024-06-24,200,200,32.03,6406.0,27,Received
PO_000359,SUP_004,PRD_0013,WH_4,2024-05-29,2024-06-05,2024-06-07,105,105,27.3,2866.5,9,Received
PO_000360,SUP_004,PRD_0013,WH_1,2024-05-30,2024-06-06,2024-06-04,172,172,27.7,4764.4,5,Received
PO_000361,SUP_004,PRD_0013,WH_2,2024-05-31,2024-06-07,2024-06-06,129,129,27.67,3569.43,6,Received
PO_000362,SUP_001,PRD_0007,WH_3,2024-06-02,2024-06-07,2024-06-06,50,50,26.14,1307.0,4,Received
PO_000363,SUP_001,PRD_0007,WH_1,2024-06-03,2024-06-08,2024-06-09,50,50,25.16,1258.0,6,Received
PO_000364,SUP_006,PRD_0018,WH_2,2024-06-05,2024-06-23,2024-07-04,120,120,24.12,2894.4,29,Received
PO_000365,SUP_007,PRD_0015,WH_1,2024-06-06,2024-06-28,2024-07-11,180,180,36.41,6553.8,35,Received
PO_000366,SUP_004,PRD_0013,WH_3,2024-06-07,2024-06-14,2024-06-15,116,116,27.55,3195.8,8,Received
PO_000367,SUP_006,PRD_0001,WH_5,2024-06-08,2024-06-26,2024-06-20,260,260,49.39,12841.4,12,Received
PO_000368,SUP_001,PRD_0007,WH_4,2024-06-09,2024-06-14,2024-06-13,50,50,25.06,1253.0,4,Received
PO_000369,SUP_004,PRD_0013,WH_5,2024-06-09,2024-06-16,2024-06-21,67,67,28.04,1878.68,12,Received
PO_000370,SUP_001,PRD_0007,WH_2,2024-06-10,2024-06-15,2024-06-15,50,50,24.95,1247.5,5,Received
PO_000371,SUP_002,PRD_0021,WH_1,2024-06-10,2024-07-05,2024-06-27,200,200,32.28,6456.0,17,Received
PO_000372,SUP_001,PRD_0007,WH_5,2024-06-11,2024-06-16,2024-06-18,50,50,25.7,1285.0,7,Received
PO_000373,SUP_004,PRD_0013,WH_4,2024-06-11,2024-06-18,2024-06-16,111,111,28.28,3139.08,5,Received
PO_000374,SUP_006,PRD_0018,WH_4,2024-06-11,2024-06-29,2024-07-05,120,120,24.04,2884.8,24,Received
PO_000375,SUP_006,PRD_0001,WH_4,2024-06-12,2024-06-30,2024-07-03,394,394,47.31,18640.14,21,Received
PO_000376,SUP_004,PRD_0013,WH_1,2024-06-12,2024-06-19,2024-06-20,172,172,27.02,4647.44,8,Received
PO_000377,SUP_004,PRD_0013,WH_2,2024-06-12,2024-06-19,2024-06-17,137,137,27.58,3778.46,5,Received
PO_000378,SUP_006,PRD_0018,WH_3,2024-06-12,2024-06-30,2024-07-02,120,120,24.26,2911.2,20,Received
PO_000379,SUP_001,PRD_0022,WH_2,2024-06-12,2024-06-17,,50,0,26.19,1309.5,,Cancelled
PO_000380,SUP_006,PRD_0001,WH_3,2024-06-13,2024-07-01,2024-07-08,473,473,49.49,23408.77,25,Received
PO_000381,SUP_001,PRD_0022,WH_2,2024-06-13,2024-06-18,2024-06-18,50,43,26.66,1333.0,5,Partially Received
PO_000382,SUP_001,PRD_0007,WH_1,2024-06-14,2024-06-19,2024-06-18,56,56,25.71,1439.76,4,Received
PO_000383,SUP_006,PRD_0001,WH_1,2024-06-15,2024-07-03,2024-07-13,649,649,47.78,31009.22,28,Received
PO_000384,SUP_001,PRD_0007,WH_3,2024-06-15,2024-06-20,2024-06-21,50,50,25.23,1261.5,6,Received
PO_000385,SUP_006,PRD_0001,WH_2,2024-06-16,2024-07-04,2024-07-09,520,520,49.09,25526.8,23,Received
PO_000386,SUP_006,PRD_0018,WH_1,2024-06-16,2024-07-04,2024-06-23,120,120,24.13,2895.6,7,Received
PO_000387,SUP_003,PRD_0009,WH_1,2024-06-17,2024-06-27,2024-06-28,80,80,18.49,1479.2,11,Received
PO_000388,SUP_004,PRD_0013,WH_3,2024-06-18,2024-06-25,2024-07-06,118,118,28.06,3311.08,18,Received
PO_000389,SUP_003,PRD_0009,WH_2,2024-06-20,2024-06-30,2024-06-27,80,80,18.5,1480.0,7,Received
PO_000390,SUP_004,PRD_0013,WH_2,2024-06-21,2024-06-28,2024-06-26,133,133,27.32,3633.56,5,Received
PO_000391,SUP_004,PRD_0013,WH_4,2024-06-21,2024-06-28,2024-06-25,109,109,27.6,3008.4,4,Received
PO_000392,SUP_001,PRD_0022,WH_1,2024-06-21,2024-06-26,2024-06-25,50,50,27.22,1361.0,4,Received
PO_000393,SUP_001,PRD_0007,WH_4,2024-06-22,2024-06-27,2024-06-25,50,50,26.38,1319.0,3,Received
PO_000394,SUP_004,PRD_0013,WH_5,2024-06-23,2024-06-30,2024-07-03,67,67,27.07,1813.69,10,Received
PO_000395,SUP_001,PRD_0007,WH_1,2024-06-24,2024-06-29,2024-06-29,50,50,26.35,1317.5,5,Received
PO_000396,SUP_001,PRD_0007,WH_2,2024-06-24,2024-06-29,2024-06-30,50,50,25.53,1276.5,6,Received
PO_000397,SUP_006,PRD_0001,WH_5,2024-06-25,2024-07-13,2024-07-17,255,255,47.63,12145.65,22,Received
PO_000398,SUP_004,PRD_0013,WH_1,2024-06-25,2024-07-02,2024-07-02,167,167,27.55,4600.85,7,Received
PO_000399,SUP_001,PRD_0007,WH_3,2024-07-01,2024-07-06,2024-07-05,50,50,25.41,1270.5,4,Received
PO_000400,SUP_004,PRD_0013,WH_2,2024-07-01,2024-07-08,2024-07-09,132,132,27.09,3575.88,8,Received
PO_000401,SUP_004,PRD_0013,WH_4,2024-07-02,2024-07-09,2024-07-09,108,108,27.68,2989.44,7,Received
PO_000402,SUP_006,PRD_0018,WH_5,2024-07-03,2024-07-21,2024-07-18,120,120,24.22,2906.4,15,Received
PO_000403,SUP_001,PRD_0007,WH_2,2024-07-05,2024-07-10,2024-07-13,50,50,26.15,1307.5,8,Received
PO_000404,SUP_001,PRD_0007,WH_4,2024-07-05,2024-07-10,2024-07-10,50,50,24.94,1247.0,5,Received
PO_000405,SUP_001,PRD_0007,WH_5,2024-07-05,2024-07-10,2024-07-10,50,50,26.02,1301.0,5,Received
PO_000406,SUP_007,PRD_0015,WH_3,2024-07-05,2024-07-27,2024-07-19,180,180,36.33,6539.4,14,Received
PO_000407,SUP_006,PRD_0001,WH_4,2024-07-06,2024-07-24,2024-07-23,402,402,47.85,19235.7,17,Received
PO_000408,SUP_001,PRD_0007,WH_1,2024-07-06,2024-07-11,2024-07-10,50,50,25.91,1295.5,4,Received
PO_000409,SUP_004,PRD_0013,WH_1,2024-07-08,2024-07-15,2024-07-13,179,179,27.47,4917.13,5,Received
PO_000410,SUP_004,PRD_0013,WH_5,2024-07-08,2024-07-15,2024-07-13,68,68,27.3,1856.4,5,Received
PO_000411,SUP_002,PRD_0021,WH_2,2024-07-08,2024-08-02,,200,0,31.87,6374.0,,Cancelled
PO_000412,SUP_002,PRD_0021,WH_1,2024-07-09,2024-08-03,2024-08-08,200,200,30.84,6168.0,30,Received
PO_000413,SUP_002,PRD_0021,WH_2,2024-07-09,2024-08-03,2024-07-24,200,200,31.75,6350.0,15,Received
PO_000414,SUP_004,PRD_0013,WH_3,2024-07-11,2024-07-18,2024-07-18,116,116,27.73,3216.68,7,Received
PO_000415,SUP_001,PRD_0022,WH_2,2024-07-11,2024-07-16,2024-07-15,50,50,27.65,1382.5,4,Received
PO_000416,SUP_004,PRD_0013,WH_4,2024-07-12,2024-07-19,2024-07-18,105,105,27.47,2884.35,6,Received
PO_000417,SUP_006,PRD_0001,WH_2,2024-07-13,2024-07-31,2024-08-08,508,508,49.27,25029.16,26,Received
PO_000418,SUP_006,PRD_0001,WH_3,2024-07-13,2024-07-31,2024-07-24,460,460,49.19,22627.4,11,Received
PO_000419,SUP_007,PRD_0015,WH_2,2024-07-13,2024-08-04,2024-08-12,180,180,35.55,6399.0,30,Received
PO_000420,SUP_001,PRD_0007,WH_3,2024-07-14,2024-07-19,2024-07-21,50,50,25.45,1272.5,7,Received
PO_000421,SUP_004,PRD_0013,WH_2,2024-07-14,2024-07-21,2024-07-23,138,138,27.32,3770.16,9,Received
PO_000422,SUP_001,PRD_0022,WH_1,2024-07-14,2024-07-19,2024-07-18,50,50,26.7,1335.0,4,Received
PO_000423,SUP_001,PRD_0007,WH_1,2024-07-16,2024-07-21,2024-07-20,50,50,25.0,1250.0,4,Received
PO_000424,SUP_006,PRD_0001,WH_1,2024-07-17,2024-08-04,2024-08-22,628,628,50.05,31431.4,36,Received
PO_000425,SUP_001,PRD_0007,WH_2,2024-07-17,2024-07-22,2024-07-20,50,50,25.32,1266.0,3,Received
PO_000426,SUP_001,PRD_0007,WH_4,2024-07-17,2024-07-22,2024-07-22,50,50,26.37,1318.5,5,Received
PO_000427,SUP_007,PRD_0015,WH_4,2024-07-17,2024-08-08,2024-07-24,180,180,35.66,6418.8,7,Received
PO_000428,SUP_002,PRD_0021,WH_4,2024-07-17,2024-08-11,2024-08-15,200,147,32.36,6472.0,29,Partially Received
PO_000429,SUP_004,PRD_0013,WH_5,2024-07-18,2024-07-25,2024-07-27,67,67,27.49,1841.83,9,Received
PO_000430,SUP_002,PRD_0012,WH_4,2024-07-20,2024-08-14,2024-08-01,200,200,6.14,1228.0,12,Received
PO_000431,SUP_004,PRD_0013,WH_1,2024-07-20,2024-07-27,2024-07-25,181,181,26.97,4881.57,5,Received
PO_000432,SUP_006,PRD_0001,WH_5,2024-07-21,2024-08-08,2024-07-31,261,261,47.4,12371.4,10,Received
PO_000433,SUP_002,PRD_0021,WH_3,2024-07-21,2024-08-15,2024-08-29,200,200,31.33,6266.0,39,Received
PO_000434,SUP_004,PRD_0013,WH_4,2024-07-23,2024-07-30,2024-08-03,104,104,27.83,2894.32,11,Received
PO_000435,SUP_003,PRD_0009,WH_3,2024-07-24,2024-08-03,2024-07-31,80,80,18.94,1515.2,7,Received
PO_000436,SUP_004,PRD_0013,WH_3,2024-07-24,2024-07-31,2024-07-29,118,118,28.03,3307.54,5,Received
PO_000437,SUP_001,PRD_0007,WH_1,2024-07-25,2024-07-30,2024-08-01,50,50,25.53,1276.5,7,Received
PO_000438,SUP_001,PRD_0007,WH_5,2024-07-25,2024-07-30,2024-07-30,50,50,26.17,1308.5,5,Received
PO_000439,SUP_006,PRD_0018,WH_1,2024-07-25,2024-08-12,2024-08-14,120,120,25.1,3012.0,20,Received
PO_000440,SUP_002,PRD_0012,WH_2,2024-07-26,2024-08-20,2024-08-19,200,200,5.93,1186.0,24,Received
PO_000441,SUP_007,PRD_0015,WH_1,2024-07-27,2024-08-18,2024-08-21,180,180,37.54,6757.2,25,Received
PO_000442,SUP_004,PRD_0013,WH_2,2024-07-28,2024-08-04,2024-08-08,141,141,28.26,3984.66,11,Received
PO_000443,SUP_001,PRD_0022,WH_5,2024-07-28,2024-08-02,2024-08-01,50,50,27.65,1382.5,4,Received
PO_000444,SUP_006,PRD_0001,WH_4,2024-07-29,2024-08-16,2024-08-15,394,394,47.31,18640.14,17,Received
PO_000445,SUP_002,PRD_0021,WH_5,2024-07-30,2024-08-24,2024-08-18,200,200,31.0,6200.0,19,Received
PO_000446,SUP_001,PRD_0007,WH_2,2024-07-31,2024-08-05,2024-08-04,50,50,25.55,1277.5,4,Received
PO_000447,SUP_001,PRD_0007,WH_3,2024-07-31,2024-08-05,2024-08-08,50,50,26.01,1300.5,8,Received
PO_000448,SUP_004,PRD_0013,WH_1,2024-07-31,2024-08-07,2024-08-07,187,187,26.85,5020.95,7,Received
PO_000449,SUP_008,PRD_0028,WH_2,2024-07-31,2024-08-14,2024-08-09,100,100,12.35,1235.0,9,Received
PO_000450,SUP_004,PRD_0013,WH_5,2024-08-01,2024-08-08,2024-08-08,67,67,27.17,1820.39,7,Received
PO_000451,SUP_006,PRD_0018,WH_3,2024-08-01,2024-08-19,2024-08-12,120,120,24.74,2968.8,11,Received
PO_000452,SUP_006,PRD_0001,WH_3,2024-08-04,2024-08-22,2024-08-15,460,388,49.96,22981.6,11,Partially Received
PO_000453,SUP_001,PRD_0007,WH_4,2024-08-04,2024-08-09,2024-08-08,50,50,25.32,1266.0,4,Received
PO_000454,SUP_004,PRD_0013,WH_3,2024-08-04,2024-08-11,2024-08-11,124,124,26.82,3325.68,7,Received
PO_000455,SUP_001,PRD_0007,WH_1,2024-08-05,2024-08-10,2024-08-13,50,50,26.35,1317.5,8,Received
PO_000456,SUP_004,PRD_0013,WH_4,2024-08-07,2024-08-14,2024-08-15,114,114,26.93,3070.02,8,Received
PO_000457,SUP_001,PRD_0022,WH_1,2024-08-07,2024-08-12,2024-08-12,50,50,27.02,1351.0,5,Received
PO_000458,SUP_003,PRD_0009,WH_2,2024-08-09,2024-08-19,2024-08-18,80,80,18.99,1519.2,9,Received
PO_000459,SUP_006,PRD_0018,WH_2,2024-08-10,2024-08-28,2024-08-23,120,120,25.04,3004.8,13,Received
PO_000460,SUP_001,PRD_0022,WH_2,2024-08-10,2024-08-15,2024-08-15,50,50,27.29,1364.5,5,Received
PO_000461,SUP_004,PRD_0013,WH_1,2024-08-12,2024-08-19,2024-08-19,169,169,28.24,4772.56,7,Received
PO_000462,SUP_004,PRD_0013,WH_2,2024-08-12,2024-08-19,2024-08-17,128,128,27.84,3563.52,5,Received
PO_000463,SUP_006,PRD_0001,WH_2,2024-08-14,2024-09-01,2024-08-30,502,502,49.85,25024.7,16,Received
PO_000464,SUP_004,PRD_0013,WH_5,2024-08-14,2024-08-21,2024-08-24,80,80,27.5,2200.0,10,Received
PO_000465,SUP_001,PRD_0007,WH_5,2024-08-15,2024-08-20,2024-08-21,50,50,25.56,1278.0,6,Received
PO_000466,SUP_003,PRD_0009,WH_4,2024-08-15,2024-08-25,2024-08-30,80,80,18.23,1458.4,15,Received
PO_000467,SUP_007,PRD_0015,WH_5,2024-08-15,2024-09-06,2024-09-02,180,180,36.15,6507.0,18,Received
PO_000468,SUP_001,PRD_0007,WH_3,2024-08-16,2024-08-21,2024-08-20,50,50,25.8,1290.0,4,Received
PO_000469,SUP_004,PRD_0013,WH_3,2024-08-16,2024-08-23,2024-08-25,123,123,27.0,3321.0,9,Received
PO_000470,SUP_006,PRD_0018,WH_4,2024-08-16,2024-09-03,2024-08-30,120,120,24.54,2944.8,14,Received
PO_000471,SUP_001,PRD_0007,WH_2,2024-08-17,2024-08-22,2024-08-21,50,50,25.16,1258.0,4,Received
PO_000472,SUP_001,PRD_0007,WH_4,2024-08-17,2024-08-22,2024-08-21,50,50,26.11,1305.5,4,Received
PO_000473,SUP_003,PRD_0009,WH_1,2024-08-17,2024-08-27,2024-08-29,80,80,18.58,1486.4,12,Received
PO_000474,SUP_002,PRD_0021,WH_1,2024-08-17,2024-09-11,2024-09-03,200,200,32.24,6448.0,17,Received
PO_000475,SUP_002,PRD_0021,WH_2,2024-08-17,2024-09-11,2024-09-12,200,200,32.43,6486.0,26,Received
PO_000476,SUP_006,PRD_0001,WH_5,2024-08-18,2024-09-05,2024-08-30,262,262,49.03,12845.86,12,Received
PO_000477,SUP_001,PRD_0007,WH_1,2024-08-19,2024-08-24,,50,0,25.75,1287.5,,Cancelled
PO_000478,SUP_007,PRD_0015,WH_3,2024-08-19,2024-09-10,2024-10-06,180,180,36.9,6642.0,48,Received
PO_000479,SUP_001,PRD_0007,WH_1,2024-08-20,2024-08-25,2024-08-26,53,53,26.32,1394.96,6,Received
PO_000480,SUP_004,PRD_0013,WH_4,2024-08-20,2024-08-27,2024-08-24,112,112,27.62,3093.44,4,Received
PO_000481,SUP_004,PRD_0013,WH_2,2024-08-22,2024-08-29,2024-08-31,139,139,27.95,3885.05,9,Received
PO_000482,SUP_006,PRD_0001,WH_4,2024-08-23,2024-09-10,2024-09-21,403,403,47.72,19231.16,29,Received
PO_000483,SUP_008,PRD_0028,WH_2,2024-08-23,2024-09-06,2024-09-16,100,100,12.08,1208.0,24,Received
PO_000484,SUP_006,PRD_0001,WH_3,2024-08-25,2024-09-12,2024-09-11,459,459,47.43,21770.37,17,Received
PO_000485,SUP_002,PRD_0012,WH_1,2024-08-25,2024-09-19,2024-09-18,200,200,5.97,1194.0,24,Received
PO_000486,SUP_004,PRD_0013,WH_1,2024-08-25,2024-09-01,,173,0,27.54,4764.42,,Cancelled
PO_000487,SUP_004,PRD_0013,WH_1,2024-08-26,2024-09-02,2024-08-31,196,196,26.87,5266.52,5,Received
PO_000488,SUP_001,PRD_0007,WH_2,2024-08-27,2024-09-01,2024-09-17,50,43,24.96,1248.0,21,Partially Received
PO_000489,SUP_001,PRD_0007,WH_3,2024-08-28,2024-09-02,2024-09-02,50,50,26.27,1313.5,5,Received
PO_000490,SUP_002,PRD_0006,WH_3,2024-08-30,2024-09-24,2024-09-27,200,200,5.22,1044.0,28,Received
PO_000491,SUP_004,PRD_0013,WH_4,2024-08-30,2024-09-06,2024-09-05,120,120,28.05,3366.0,6,Received
PO_000492,SUP_006,PRD_0001,WH_1,2024-08-31,2024-09-18,2024-09-17,638,638,49.88,31823.44,17,Received
PO_000493,SUP_004,PRD_0013,WH_3,2024-08-31,2024-09-07,2024-09-06,124,124,26.92,3338.08,6,Received
PO_000494,SUP_001,PRD_0022,WH_1,2024-08-31,2024-09-05,2024-09-05,50,50,26.19,1309.5,5,Received
PO_000495,SUP_004,PRD_0013,WH_5,2024-09-01,2024-09-08,2024-09-06,70,70,27.08,1895.6,5,Received
PO_000496,SUP_001,PRD_0007,WH_1,2024-09-02,2024-09-07,2024-09-06,52,52,25.4,1320.8,4,Received
PO_000497,SUP_001,PRD_0007,WH_4,2024-09-02,2024-09-07,2024-09-07,50,50,25.77,1288.5,5,Received
PO_000498,SUP_002,PRD_0021,WH_4,2024-09-02,2024-09-27,2024-09-20,200,200,31.61,6322.0,18,Received
PO_000499,SUP_007,PRD_0015,WH_1,2024-09-03,2024-09-25,2024-10-09,180,180,35.78,6440.4,36,Received
PO_000500,SUP_004,PRD_0013,WH_2,2024-09-05,2024-09-12,2024-09-11,135,135,27.06,3653.1,6,Received
PO_000501,SUP_001,PRD_0007,WH_5,2024-09-06,2024-09-11,2024-09-10,50,50,26.06,1303.0,4,Received
PO_000502,SUP_004,PRD_0013,WH_1,2024-09-06,2024-09-13,2024-09-15,165,165,26.88,4435.2,9,Received
PO_000503,SUP_006,PRD_0018,WH_1,2024-09-06,2024-09-24,2024-09-19,120,120,24.34,2920.8,13,Received
PO_000504,SUP_001,PRD_0022,WH_3,2024-09-06,2024-09-11,2024-09-14,50,50,26.32,1316.0,8,Received
PO_000505,SUP_007,PRD_0015,WH_2,2024-09-08,2024-09-30,2024-10-05,180,180,37.12,6681.6,27,Received
PO_000506,SUP_007,PRD_0015,WH_4,2024-09-09,2024-10-01,2024-09-30,180,180,36.12,6501.6,21,Received
PO_000507,SUP_004,PRD_0013,WH_3,2024-09-10,2024-09-17,2024-09-14,124,124,28.35,3515.4,4,Received
PO_000508,SUP_004,PRD_0013,WH_5,2024-09-10,2024-09-17,2024-09-14,70,70,27.71,1939.7,4,Received
PO_000509,SUP_004,PRD_0013,WH_4,2024-09-11,2024-09-18,2024-09-20,109,109,26.74,2914.66,9,Received
PO_000510,SUP_007,PRD_0030,WH_1,2024-09-11,2024-10-03,2024-09-23,180,180,35.52,6393.6,12,Received
PO_000511,SUP_001,PRD_0007,WH_1,2024-09-12,2024-09-17,2024-09-17,50,50,25.12,1256.0,5,Received
PO_000512,SUP_008,PRD_0028,WH_3,2024-09-12,2024-09-26,2024-09-25,100,100,12.16,1216.0,13,Received
PO_000513,SUP_001,PRD_0007,WH_3,2024-09-13,2024-09-18,2024-10-03,50,50,26.14,1307.0,20,Received
PO_000514,SUP_002,PRD_0021,WH_1,2024-09-13,2024-10-08,2024-10-10,200,200,31.41,6282.0,27,Received
PO_000515,SUP_007,PRD_0030,WH_2,2024-09-14,2024-10-06,2024-09-22,180,180,34.37,6186.6,8,Received
PO_000516,SUP_006,PRD_0001,WH_2,2024-09-16,2024-10-04,2024-10-10,494,300,49.56,24482.64,24,Partially Received
PO_000517,SUP_006,PRD_0001,WH_5,2024-09-16,2024-10-04,2024-10-07,262,262,49.8,13047.6,21,Received
PO_000518,SUP_004,PRD_0013,WH_2,2024-09-18,2024-09-25,2024-09-26,143,143,27.9,3989.7,8,Received
PO_000519,SUP_004,PRD_0013,WH_1,2024-09-19,2024-09-26,2024-09-29,168,168,28.0,4704.0,10,Received
PO_000520,SUP_001,PRD_0022,WH_2,2024-09-19,2024-09-24,2024-09-24,50,50,27.64,1382.0,5,Received
PO_000521,SUP_001,PRD_0007,WH_4,2024-09-20,2024-09-25,2024-09-24,50,50,25.92,1296.0,4,Received
PO_000522,SUP_004,PRD_0013,WH_3,2024-09-21,2024-09-28,2024-09-28,129,129,27.37,3530.73,7,Received
PO_000523,SUP_007,PRD_0030,WH_3,2024-09-21,2024-10-13,2024-10-12,180,180,34.81,6265.8,21,Received
PO_000524,SUP_001,PRD_0007,WH_1,2024-09-22,2024-09-27,2024-09-28,50,50,26.09,1304.5,6,Received
PO_000525,SUP_006,PRD_0018,WH_3,2024-09-22,2024-10-10,2024-10-04,120,108,24.44,2932.8,12,Partially Received
PO_000526,SUP_004,PRD_0013,WH_5,2024-09-23,2024-09-30,2024-09-29,70,70,26.79,1875.3,6,Received
PO_000527,SUP_001,PRD_0007,WH_2,2024-09-24,2024-09-29,2024-09-28,50,50,25.77,1288.5,4,Received
PO_000528,SUP_003,PRD_0009,WH_3,2024-09-24,2024-10-04,2024-10-06,80,80,19.15,1532.0,12,Received
PO_000529,SUP_008,PRD_0011,WH_3,2024-09-25,2024-10-09,2024-10-08,100,62,30.47,3047.0,13,Partially Received
PO_000530,SUP_004,PRD_0013,WH_4,2024-09-25,2024-10-02,2024-10-17,105,105,27.8,2919.0,22,Received
PO_000531,SUP_002,PRD_0021,WH_3,2024-09-25,2024-10-20,2024-11-18,200,200,30.88,6176.0,54,Received
PO_000532,SUP_001,PRD_0022,WH_1,2024-09-25,2024-09-30,2024-09-29,50,50,27.55,1377.5,4,Received
PO_000533,SUP_006,PRD_0001,WH_3,2024-09-26,2024-10-14,2024-10-18,447,447,49.95,22327.65,22,Received
PO_000534,SUP_001,PRD_0007,WH_5,2024-09-29,2024-10-04,2024-10-04,50,50,25.83,1291.5,5,Received
PO_000535,SUP_006,PRD_0001,WH_4,2024-09-30,2024-10-18,2024-11-01,404,404,49.21,19880.84,32,Received
PO_000536,SUP_004,PRD_0013,WH_2,2024-09-30,2024-10-07,2024-10-05,128,128,27.52,3522.56,5,Received
PO_000537,SUP_001,PRD_0022,WH_5,2024-09-30,2024-10-05,2024-10-05,50,50,26.89,1344.5,5,Received
PO_000538,SUP_008,PRD_0028,WH_1,2024-09-30,2024-10-14,2024-10-15,100,100,12.39,1239.0,15,Received
PO_000539,SUP_006,PRD_0001,WH_1,2024-10-01,2024-10-19,2024-10-23,631,631,50.12,31625.72,22,Received
PO_000540,SUP_008,PRD_0028,WH_2,2024-10-01,2024-10-15,2024-10-13,100,61,12.54,1254.0,12,Partially Received
PO_000541,SUP_001,PRD_0007,WH_1,2024-10-02,2024-10-07,2024-10-05,52,38,26.17,1360.84,3,Partially Received
PO_000542,SUP_003,PRD_0009,WH_2,2024-10-02,2024-10-12,2024-10-11,80,80,18.85,1508.0,9,Received
PO_000543,SUP_006,PRD_0018,WH_2,2024-10-02,2024-10-20,2024-10-13,120,120,23.93,2871.6,11,Received
PO_000544,SUP_004,PRD_0013,WH_1,2024-10-04,2024-10-11,2024-10-10,164,164,27.23,4465.72,6,Received
PO_000545,SUP_002,PRD_0021,WH_2,2024-10-04,2024-10-29,2024-11-16,200,200,31.0,6200.0,43,Received
PO_000546,SUP_001,PRD_0007,WH_4,2024-10-05,2024-10-10,2024-10-09,50,50,26.23,1311.5,4,Received
PO_000547,SUP_004,PRD_0013,WH_3,2024-10-05,2024-10-12,2024-10-12,117,117,28.36,3318.12,7,Received
PO_000548,SUP_003,PRD_0009,WH_1,2024-10-06,2024-10-16,2024-10-13,80,80,18.47,1477.6,7,Received
PO_000549,SUP_004,PRD_0013,WH_5,2024-10-07,2024-10-14,2024-10-13,67,55,27.93,1871.31,6,Partially Received
PO_000550,SUP_001,PRD_0007,WH_1,2024-10-09,2024-10-14,2024-10-16,50,50,26.36,1318.0,7,Received
PO_000551,SUP_001,PRD_0007,WH_2,2024-10-09,2024-10-14,,50,0,25.17,1258.5,,Cancelled
PO_000552,SUP_008,PRD_0028,WH_3,2024-10-09,2024-10-23,2024-10-16,100,100,12.06,1206.0,7,Received
PO_000553,SUP_006,PRD_0001,WH_2,2024-10-10,2024-10-28,2024-10-27,527,527,48.59,25606.93,17,Received
PO_000554,SUP_001,PRD_0007,WH_2,2024-10-10,2024-10-15,2024-10-15,50,50,25.08,1254.0,5,Received
PO_000555,SUP_004,PRD_0013,WH_2,2024-10-11,2024-10-18,2024-10-16,132,132,27.8,3669.6,5,Received
PO_000556,SUP_006,PRD_0018,WH_1,2024-10-11,2024-10-29,2024-10-25,120,120,24.98,2997.6,14,Received
PO_000557,SUP_001,PRD_0022,WH_4,2024-10-11,2024-10-16,2024-10-15,50,50,26.37,1318.5,4,Received
PO_000558,SUP_001,PRD_0007,WH_3,2024-10-12,2024-10-17,2024-10-16,50,50,25.92,1296.0,4,Received
PO_000559,SUP_001,PRD_0022,WH_3,2024-10-13,2024-10-18,2024-10-16,50,50,27.02,1351.0,3,Received
PO_000560,SUP_007,PRD_0030,WH_1,2024-10-13,2024-11-04,2024-10-27,180,180,35.35,6363.0,14,Received
PO_000561,SUP_004,PRD_0013,WH_1,2024-10-15,2024-10-22,2024-10-26,180,180,27.52,4953.6,11,Received
PO_000562,SUP_004,PRD_0013,WH_5,2024-10-15,2024-10-22,2024-10-24,66,66,27.52,1816.32,9,Received
PO_000563,SUP_002,PRD_0021,WH_5,2024-10-16,2024-11-10,2024-11-08,200,200,31.42,6284.0,23,Received
PO_000564,SUP_004,PRD_0013,WH_3,2024-10-17,2024-10-24,2024-10-23,119,119,28.08,3341.52,6,Received
PO_000565,SUP_003,PRD_0009,WH_4,2024-10-19,2024-10-29,2024-10-27,80,80,18.81,1504.8,8,Received
PO_000566,SUP_006,PRD_0018,WH_5,2024-10-20,2024-11-07,2024-11-07,120,103,23.73,2847.6,18,Partially Received
PO_000567,SUP_002,PRD_0019,WH_1,2024-10-20,2024-11-14,2024-12-27,200,200,23.25,4650.0,68,Received
PO_000568,SUP_007,PRD_0030,WH_2,2024-10-20,2024-11-11,2024-11-22,180,180,35.37,6366.6,33,Received
PO_000569,SUP_001,PRD_0007,WH_4,2024-10-21,2024-10-26,2024-10-27,50,50,25.72,1286.0,6,Received
PO_000570,SUP_001,PRD_0007,WH_5,2024-10-21,2024-10-26,2024-10-27,50,37,25.59,1279.5,6,Partially Received
PO_000571,SUP_004,PRD_0013,WH_4,2024-10-21,2024-10-28,2024-11-18,105,105,26.91,2825.55,28,Received
PO_000572,SUP_002,PRD_0021,WH_1,2024-10-21,2024-11-15,2024-11-06,200,200,30.94,6188.0,16,Received
PO_000573,SUP_002,PRD_0021,WH_4,2024-10-21,2024-11-15,2024-11-21,200,200,31.07,6214.0,31,Received
PO_000574,SUP_008,PRD_0028,WH_2,2024-10-21,2024-11-04,2024-11-04,100,88,12.04,1204.0,14,Partially Received
PO_000575,SUP_001,PRD_0007,WH_1,2024-10-22,2024-10-27,2024-10-28,50,50,25.7,1285.0,6,Received
PO_000576,SUP_001,PRD_0007,WH_2,2024-10-24,2024-10-29,2024-10-29,50,50,25.17,1258.5,5,Received
PO_000577,SUP_004,PRD_0013,WH_2,2024-10-24,2024-10-31,2024-10-30,135,87,27.77,3748.95,6,Partially Received
PO_000578,SUP_007,PRD_0015,WH_1,2024-10-24,2024-11-15,2024-11-08,180,180,37.55,6759.0,15,Received
PO_000579,SUP_006,PRD_0001,WH_5,2024-10-26,2024-11-13,2024-11-18,258,258,48.7,12564.6,23,Received
PO_000580,SUP_006,PRD_0018,WH_4,2024-10-26,2024-11-13,2024-11-10,120,120,24.58,2949.6,15,Received
PO_000581,SUP_001,PRD_0007,WH_3,2024-10-27,2024-11-01,2024-10-31,50,50,25.62,1281.0,4,Received
PO_000582,SUP_001,PRD_0022,WH_1,2024-10-27,2024-11-01,2024-10-30,50,50,26.51,1325.5,3,Received
PO_000583,SUP_004,PRD_0013,WH_5,2024-10-28,2024-11-04,2024-11-02,69,61,27.38,1889.22,5,Partially Received
PO_000584,SUP_008,PRD_0028,WH_1,2024-10-28,2024-11-11,2024-11-15,100,100,12.12,1212.0,18,Received
PO_000585,SUP_007,PRD_0015,WH_2,2024-10-29,2024-11-20,2024-11-17,180,180,37.58,6764.4,19,Received
PO_000586,SUP_007,PRD_0030,WH_4,2024-10-29,2024-11-20,2024-12-05,180,180,34.63,6233.4,37,Received
PO_000587,SUP_008,PRD_0028,WH_3,2024-10-30,2024-11-13,,100,0,12.54,1254.0,,Cancelled
PO_000588,SUP_006,PRD_0001,WH_3,2024-10-31,2024-11-18,2024-11-16,455,455,49.95,22727.25,16,Received
PO_000589,SUP_004,PRD_0013,WH_2,2024-10-31,2024-11-07,2024-11-08,135,86,26.99,3643.65,8,Partially Received
PO_000590,SUP_004,PRD_0013,WH_3,2024-10-31,2024-11-07,2024-11-05,121,121,27.57,3335.97,5,Received
PO_000591,SUP_008,PRD_0028,WH_3,2024-10-31,2024-11-14,2024-11-22,100,100,12.77,1277.0,22,Received
PO_000592,SUP_004,PRD_0013,WH_1,2024-11-01,2024-11-08,2024-11-11,169,169,27.43,4635.67,10,Received
PO_000593,SUP_007,PRD_0015,WH_5,2024-11-01,2024-11-23,2024-11-12,180,142,37.28,6710.4,11,Partially Received
PO_000594,SUP_001,PRD_0022,WH_2,2024-11-01,2024-11-06,2024-11-05,50,50,26.94,1347.0,4,Received
PO_000595,SUP_008,PRD_0028,WH_4,2024-11-03,2024-11-17,2024-11-15,100,100,12.04,1204.0,12,Received
PO_000596,SUP_001,PRD_0007,WH_2,2024-11-04,2024-11-09,2024-11-10,50,50,24.91,1245.5,6,Received
PO_000597,SUP_007,PRD_0015,WH_4,2024-11-04,2024-11-26,2024-11-16,180,180,35.81,6445.8,12,Received
PO_000598,SUP_001,PRD_0007,WH_1,2024-11-05,2024-11-10,2024-11-11,55,55,26.16,1438.8,6,Received
PO_000599,SUP_006,PRD_0018,WH_3,2024-11-05,2024-11-23,2024-11-27,120,120,25.0,3000.0,22,Received
PO_000600,SUP_004,PRD_0013,WH_5,2024-11-06,2024-11-13,2024-11-11,77,77,27.39,2109.03,5,Received
PO_000601,SUP_007,PRD_0015,WH_3,2024-11-06,2024-11-28,2024-12-02,180,180,36.96,6652.8,26,Received
PO_000602,SUP_001,PRD_0007,WH_4,2024-11-07,2024-11-12,2024-11-10,50,50,25.53,1276.5,3,Received
PO_000603,SUP_007,PRD_0010,WH_1,2024-11-07,2024-11-29,2024-12-08,180,180,15.11,2719.8,31,Received
PO_000604,SUP_004,PRD_0013,WH_2,2024-11-09,2024-11-16,2024-11-14,136,136,27.36,3720.96,5,Received
PO_000605,SUP_006,PRD_0001,WH_1,2024-11-10,2024-11-28,2024-11-30,626,626,47.65,29828.9,20,Received
PO_000606,SUP_006,PRD_0001,WH_4,2024-11-11,2024-11-29,2024-11-22,396,396,48.41,19170.36,11,Received
PO_000607,SUP_001,PRD_0007,WH_3,2024-11-11,2024-11-16,2024-11-16,50,50,26.11,1305.5,5,Received
PO_000608,SUP_001,PRD_0007,WH_5,2024-11-11,2024-11-16,2024-11-16,50,50,24.94,1247.0,5,Received
PO_000609,SUP_004,PRD_0013,WH_3,2024-11-12,2024-11-19,2024-11-17,129,129,27.59,3559.11,5,Received
PO_000610,SUP_005,PRD_0017,WH_1,2024-11-12,2024-12-02,2024-11-21,150,150,18.62,2793.0,9,Received
PO_000611,SUP_007,PRD_0030,WH_1,2024-11-13,2024-12-05,2024-12-23,180,180,35.66,6418.8,40,Received
PO_000612,SUP_007,PRD_0030,WH_3,2024-11-14,2024-12-06,2024-12-18,180,180,35.54,6397.2,34,Received
PO_000613,SUP_004,PRD_0013,WH_1,2024-11-15,2024-11-22,2024-11-22,170,170,27.62,4695.4,7,Received
PO_000614,SUP_004,PRD_0013,WH_5,2024-11-16,2024-11-23,2024-11-21,72,72,28.2,2030.4,5,Received
PO_000615,SUP_001,PRD_0007,WH_1,2024-11-17,2024-11-22,2024-11-22,50,50,25.44,1272.0,5,Received
PO_000616,SUP_001,PRD_0007,WH_2,2024-11-17,2024-11-22,2024-11-22,50,50,25.66,1283.0,5,Received
PO_000617,SUP_008,PRD_0028,WH_2,2024-11-17,2024-12-01,2024-11-27,100,100,12.59,1259.0,10,Received
PO_000618,SUP_003,PRD_0009,WH_1,2024-11-18,2024-11-28,2024-12-03,80,80,18.81,1504.8,15,Received
PO_000619,SUP_006,PRD_0018,WH_1,2024-11-18,2024-12-06,2024-12-26,120,120,24.43,2931.6,38,Received
PO_000620,SUP_008,PRD_0011,WH_1,2024-11-19,2024-12-03,2024-12-08,100,100,30.73,3073.0,19,Received
PO_000621,SUP_004,PRD_0013,WH_2,2024-11-19,2024-11-26,2024-11-27,129,129,27.76,3581.04,8,Received
PO_000622,SUP_002,PRD_0021,WH_1,2024-11-19,2024-12-14,2024-12-11,200,200,31.23,6246.0,22,Received
PO_000623,SUP_001,PRD_0007,WH_4,2024-11-20,2024-11-25,2024-11-25,50,50,25.83,1291.5,5,Received
PO_000624,SUP_004,PRD_0013,WH_3,2024-11-23,2024-11-30,2024-11-29,123,123,28.17,3464.91,6,Received
PO_000625,SUP_001,PRD_0022,WH_4,2024-11-23,2024-11-28,2024-11-27,50,50,27.53,1376.5,4,Received
PO_000626,SUP_003,PRD_0009,WH_3,2024-11-24,2024-12-04,2024-12-04,80,80,18.97,1517.6,10,Received
PO_000627,SUP_004,PRD_0013,WH_4,2024-11-24,2024-12-01,2024-11-30,108,75,26.82,2896.56,6,Partially Received
PO_000628,SUP_001,PRD_0022,WH_3,2024-11-24,2024-11-29,2024-12-01,50,50,27.7,1385.0,7,Received
PO_000629,SUP_006,PRD_0001,WH_2,2024-11-25,2024-12-13,2024-12-07,493,493,49.47,24388.71,12,Received
PO_000630,SUP_001,PRD_0007,WH_3,2024-11-25,2024-11-30,2024-11-29,50,50,26.14,1307.0,4,Received
PO_000631,SUP_004,PRD_0013,WH_1,2024-11-25,2024-12-02,2024-12-02,170,170,26.84,4562.8,7,Received
PO_000632,SUP_008,PRD_0028,WH_1,2024-11-25,2024-12-09,2024-12-11,100,63,12.72,1272.0,16,Partially Received
PO_000633,SUP_008,PRD_0033,WH_1,2024-11-26,2024-12-10,2024-12-20,100,100,27.8,2780.0,24,Received
PO_000634,SUP_004,PRD_0013,WH_5,2024-11-27,2024-12-04,2024-12-02,70,70,27.58,1930.6,5,Received
PO_000635,SUP_007,PRD_0015,WH_1,2024-11-27,2024-12-19,2024-12-14,180,180,36.43,6557.4,17,Received
PO_000636,SUP_006,PRD_0018,WH_2,2024-11-27,2024-12-15,2024-12-09,120,120,24.71,2965.2,12,Received
PO_000637,SUP_001,PRD_0022,WH_1,2024-11-27,2024-12-02,2024-12-02,50,50,26.13,1306.5,5,Received
PO_000638,SUP_001,PRD_0007,WH_1,2024-11-28,2024-12-03,2024-12-03,50,50,26.3,1315.0,5,Received
PO_000639,SUP_003,PRD_0009,WH_2,2024-11-28,2024-12-08,2024-12-08,80,80,18.43,1474.4,10,Received
PO_000640,SUP_001,PRD_0022,WH_5,2024-11-29,2024-12-04,2024-12-05,50,50,27.05,1352.5,6,Received
PO_000641,SUP_001,PRD_0007,WH_2,2024-11-30,2024-12-05,2024-12-05,50,50,25.65,1282.5,5,Received
PO_000642,SUP_004,PRD_0013,WH_2,2024-11-30,2024-12-07,2024-12-07,128,128,27.06,3463.68,7,Received
PO_000643,SUP_008,PRD_0028,WH_4,2024-12-01,2024-12-15,2024-12-11,100,100,12.42,1242.0,10,Received
PO_000644,SUP_001,PRD_0007,WH_4,2024-12-02,2024-12-07,2024-12-08,50,50,25.76,1288.0,6,Received
PO_000645,SUP_004,PRD_0013,WH_4,2024-12-02,2024-12-09,2024-12-07,115,115,27.02,3107.3,5,Received
PO_000646,SUP_002,PRD_0021,WH_2,2024-12-03,2024-12-28,2024-12-14,200,200,31.98,6396.0,11,Received
PO_000647,SUP_001,PRD_0007,WH_5,2024-12-04,2024-12-09,2024-12-08,50,50,26.26,1313.0,4,Received
PO_000648,SUP_004,PRD_0013,WH_3,2024-12-05,2024-12-12,,119,0,27.43,3264.17,,Cancelled
PO_000649,SUP_004,PRD_0013,WH_3,2024-12-06,2024-12-13,2024-12-11,127,127,28.01,3557.27,5,Received
PO_000650,SUP_001,PRD_0022,WH_2,2024-12-07,2024-12-12,2024-12-11,50,50,26.63,1331.5,4,Received
PO_000651,SUP_001,PRD_0007,WH_3,2024-12-08,2024-12-13,2024-12-14,50,50,26.07,1303.5,6,Received
PO_000652,SUP_004,PRD_0013,WH_1,2024-12-08,2024-12-15,2024-12-13,176,176,27.47,4834.72,5,Received
PO_000653,SUP_002,PRD_0019,WH_2,2024-12-08,2025-01-02,,200,0,24.22,4844.0,,In Transit
PO_000654,SUP_001,PRD_0007,WH_1,2024-12-09,2024-12-14,2024-12-15,50,50,26.05,1302.5,6,Received
PO_000655,SUP_004,PRD_0013,WH_5,2024-12-09,2024-12-16,2024-12-15,75,75,28.33,2124.75,6,Received
PO_000656,SUP_002,PRD_0019,WH_2,2024-12-09,2025-01-03,,200,0,24.15,4830.0,,In Transit
PO_000657,SUP_008,PRD_0028,WH_3,2024-12-09,2024-12-23,2024-12-25,100,90,12.74,1274.0,16,Partially Received
PO_000658,SUP_004,PRD_0013,WH_2,2024-12-10,2024-12-17,2024-12-16,129,129,27.26,3516.54,6,Received
PO_000659,SUP_002,PRD_0019,WH_2,2024-12-10,2025-01-04,,200,0,23.92,4784.0,,In Transit
PO_000660,SUP_007,PRD_0015,WH_2,2024-12-11,2025-01-02,,180,0,37.44,6739.2,,In Transit
PO_000661,SUP_002,PRD_0019,WH_2,2024-12-11,2025-01-05,,200,0,23.36,4672.0,,In Transit
PO_000662,SUP_002,PRD_0021,WH_3,2024-12-11,2025-01-05,,200,0,32.5,6500.0,,In Transit
PO_000663,SUP_006,PRD_0039,WH_4,2024-12-11,2024-12-29,2024-12-30,120,120,40.02,4802.4,19,Received
PO_000664,SUP_004,PRD_0013,WH_4,2024-12-12,2024-12-19,2024-12-17,113,113,27.98,3161.74,5,Received
PO_000665,SUP_007,PRD_0015,WH_2,2024-12-12,2025-01-03,,180,0,36.67,6600.6,,In Transit
PO_000666,SUP_002,PRD_0019,WH_2,2024-12-12,2025-01-06,,200,0,24.39,4878.0,,In Transit
PO_000667,SUP_002,PRD_0021,WH_3,2024-12-12,2025-01-06,2024-12-29,200,200,32.08,6416.0,17,Received
PO_000668,SUP_002,PRD_0021,WH_4,2024-12-12,2025-01-06,2024-12-22,200,200,31.08,6216.0,10,Received
PO_000669,SUP_007,PRD_0015,WH_2,2024-12-13,2025-01-04,2024-12-28,180,180,36.0,6480.0,15,Received
PO_000670,SUP_002,PRD_0019,WH_2,2024-12-13,2025-01-07,2024-12-23,200,200,24.26,4852.0,10,Received
PO_000671,SUP_008,PRD_0028,WH_2,2024-12-13,2024-12-27,2024-12-23,100,100,12.34,1234.0,10,Received
PO_000672,SUP_002,PRD_0006,WH_4,2024-12-16,2025-01-10,,200,0,5.26,1052.0,,In Transit
PO_000673,SUP_004,PRD_0013,WH_3,2024-12-16,2024-12-23,2024-12-22,120,120,27.81,3337.2,6,Received
PO_000674,SUP_004,PRD_0016,WH_1,2024-12-16,2024-12-23,,60,0,16.8,1008.0,,In Transit
PO_000675,SUP_002,PRD_0006,WH_4,2024-12-17,2025-01-11,,200,0,5.26,1052.0,,In Transit
PO_000676,SUP_004,PRD_0016,WH_1,2024-12-17,2024-12-24,2024-12-24,60,60,17.5,1050.0,7,Received
PO_000677,SUP_008,PRD_0028,WH_1,2024-12-17,2024-12-31,2024-12-25,100,100,12.34,1234.0,8,Received
PO_000678,SUP_002,PRD_0006,WH_4,2024-12-18,2025-01-12,,200,0,5.41,1082.0,,In Transit
PO_000679,SUP_001,PRD_0007,WH_2,2024-12-18,2024-12-23,2024-12-24,50,50,25.64,1282.0,6,Received
PO_000680,SUP_004,PRD_0013,WH_1,2024-12-18,2024-12-25,2024-12-22,163,163,28.19,4594.97,4,Received
PO_000681,SUP_006,PRD_0039,WH_1,2024-12-18,2025-01-05,,120,0,42.18,5061.6,,In Transit
PO_000682,SUP_006,PRD_0039,WH_3,2024-12-18,2025-01-05,,120,0,40.75,4890.0,,In Transit
PO_000683,SUP_002,PRD_0006,WH_4,2024-12-19,2025-01-13,,200,0,5.27,1054.0,,In Transit
PO_000684,SUP_001,PRD_0007,WH_1,2024-12-19,2024-12-24,2024-12-24,50,50,25.14,1257.0,5,Received
PO_000685,SUP_001,PRD_0007,WH_4,2024-12-19,2024-12-24,2024-12-22,50,50,25.7,1285.0,3,Received
PO_000686,SUP_007,PRD_0015,WH_4,2024-12-19,2025-01-10,2024-12-30,180,180,35.73,6431.4,11,Received
PO_000687,SUP_006,PRD_0039,WH_1,2024-12-19,2025-01-06,,120,0,41.8,5016.0,,In Transit
PO_000688,SUP_006,PRD_0039,WH_3,2024-12-19,2025-01-06,,120,0,40.97,4916.4,,In Transit
PO_000689,SUP_002,PRD_0006,WH_4,2024-12-20,2025-01-14,,200,0,5.34,1068.0,,In Transit
PO_000690,SUP_006,PRD_0039,WH_1,2024-12-20,2025-01-07,,120,0,40.71,4885.2,,In Transit
PO_000691,SUP_006,PRD_0039,WH_3,2024-12-20,2025-01-07,,120,0,40.76,4891.2,,In Transit
PO_000692,SUP_002,PRD_0006,WH_4,2024-12-21,2025-01-15,,200,0,5.38,1076.0,,In Transit
PO_000693,SUP_007,PRD_0030,WH_2,2024-12-21,2025-01-12,,180,0,34.52,6213.6,,In Transit
PO_000694,SUP_006,PRD_0039,WH_1,2024-12-21,2025-01-08,,120,0,41.97,5036.4,,In Transit
PO_000695,SUP_006,PRD_0039,WH_3,2024-12-21,2025-01-08,,120,0,40.02,4802.4,,In Transit
PO_000696,SUP_002,PRD_0006,WH_4,2024-12-22,2025-01-16,,200,0,5.32,1064.0,,In Transit
PO_000697,SUP_004,PRD_0013,WH_5,2024-12-22,2024-12-29,2024-12-28,73,73,27.58,2013.34,6,Received
PO_000698,SUP_007,PRD_0030,WH_2,2024-12-22,2025-01-13,,180,0,35.26,6346.8,,In Transit
PO_000699,SUP_006,PRD_0039,WH_1,2024-12-22,2025-01-09,,120,0,41.7,5004.0,,In Transit
PO_000700,SUP_006,PRD_0039,WH_3,2024-12-22,2025-01-09,,120,0,40.15,4818.0,,In Transit
PO_000701,SUP_002,PRD_0006,WH_4,2024-12-23,2025-01-17,,200,0,5.46,1092.0,,In Transit
PO_000702,SUP_004,PRD_0013,WH_4,2024-12-23,2024-12-30,2024-12-27,108,108,27.74,2995.92,4,Received
PO_000703,SUP_002,PRD_0021,WH_1,2024-12-23,2025-01-17,,200,0,32.25,6450.0,,In Transit
PO_000704,SUP_007,PRD_0030,WH_2,2024-12-23,2025-01-14,,180,0,35.05,6309.0,,In Transit
PO_000705,SUP_006,PRD_0039,WH_1,2024-12-23,2025-01-10,,120,0,41.89,5026.8,,In Transit
PO_000706,SUP_006,PRD_0039,WH_3,2024-12-23,2025-01-10,,120,0,40.73,4887.6,,In Transit
PO_000707,SUP_002,PRD_0006,WH_4,2024-12-24,2025-01-18,,200,0,5.32,1064.0,,In Transit
PO_000708,SUP_002,PRD_0021,WH_1,2024-12-24,2025-01-18,,200,0,31.79,6358.0,,In Transit
PO_000709,SUP_007,PRD_0030,WH_2,2024-12-24,2025-01-15,2024-12-30,180,180,34.04,6127.2,6,Received
PO_000710,SUP_006,PRD_0039,WH_1,2024-12-24,2025-01-11,,120,0,40.78,4893.6,,In Transit
PO_000711,SUP_006,PRD_0039,WH_3,2024-12-24,2025-01-11,,120,0,41.36,4963.2,,In Transit
PO_000712,SUP_002,PRD_0006,WH_4,2024-12-25,2025-01-19,,200,0,5.18,1036.0,,In Transit
PO_000713,SUP_001,PRD_0007,WH_3,2024-12-25,2024-12-30,2024-12-31,50,50,25.33,1266.5,6,Received
PO_000714,SUP_004,PRD_0013,WH_2,2024-12-25,2025-01-01,,132,0,27.73,3660.36,,In Transit
PO_000715,SUP_002,PRD_0021,WH_1,2024-12-25,2025-01-19,,200,0,30.68,6136.0,,In Transit
PO_000716,SUP_006,PRD_0039,WH_1,2024-12-25,2025-01-12,,120,0,41.78,5013.6,,In Transit
PO_000717,SUP_006,PRD_0039,WH_3,2024-12-25,2025-01-12,,120,0,41.79,5014.8,,In Transit
PO_000718,SUP_002,PRD_0006,WH_4,2024-12-26,2025-01-20,,200,0,5.33,1066.0,,In Transit
PO_000719,SUP_004,PRD_0013,WH_2,2024-12-26,2025-01-02,,148,0,27.25,4033.0,,In Transit
PO_000720,SUP_002,PRD_0021,WH_1,2024-12-26,2025-01-20,,200,0,31.66,6332.0,,In Transit
PO_000721,SUP_002,PRD_0021,WH_5,2024-12-26,2025-01-20,,200,0,31.09,6218.0,,In Transit
PO_000722,SUP_006,PRD_0039,WH_1,2024-12-26,2025-01-13,,120,0,40.71,4885.2,,In Transit
PO_000723,SUP_006,PRD_0039,WH_3,2024-12-26,2025-01-13,,120,0,41.27,4952.4,,In Transit
PO_000724,SUP_002,PRD_0006,WH_4,2024-12-27,2025-01-21,,200,0,5.22,1044.0,,In Transit
PO_000725,SUP_004,PRD_0013,WH_2,2024-12-27,2025-01-03,,156,0,26.96,4205.76,,In Transit
PO_000726,SUP_004,PRD_0013,WH_3,2024-12-27,2025-01-03,,118,0,27.22,3211.96,,In Transit
PO_000727,SUP_002,PRD_0021,WH_1,2024-12-27,2025-01-21,,200,0,32.22,6444.0,,In Transit
PO_000728,SUP_002,PRD_0021,WH_5,2024-12-27,2025-01-21,,200,0,31.18,6236.0,,In Transit
PO_000729,SUP_001,PRD_0022,WH_1,2024-12-27,2025-01-01,,50,0,27.19,1359.5,,In Transit
PO_000730,SUP_006,PRD_0039,WH_1,2024-12-27,2025-01-14,,120,0,40.69,4882.8,,Cancelled
PO_000731,SUP_006,PRD_0039,WH_3,2024-12-27,2025-01-14,,120,0,40.28,4833.6,,In Transit
PO_000732,SUP_002,PRD_0006,WH_1,2024-12-28,2025-01-22,,200,0,5.22,1044.0,,In Transit
PO_000733,SUP_002,PRD_0006,WH_4,2024-12-28,2025-01-22,,200,0,5.19,1038.0,,In Transit
PO_000734,SUP_004,PRD_0013,WH_2,2024-12-28,2025-01-04,,169,0,27.75,4689.75,,In Transit
PO_000735,SUP_004,PRD_0013,WH_3,2024-12-28,2025-01-04,,135,0,27.47,3708.45,,In Transit
PO_000736,SUP_002,PRD_0021,WH_1,2024-12-28,2025-01-22,,200,0,30.69,6138.0,,In Transit
PO_000737,SUP_002,PRD_0021,WH_5,2024-12-28,2025-01-22,,200,0,32.27,6454.0,,In Transit
PO_000738,SUP_001,PRD_0022,WH_1,2024-12-28,2025-01-02,,50,0,26.59,1329.5,,In Transit
PO_000739,SUP_006,PRD_0039,WH_1,2024-12-28,2025-01-15,,120,0,42.25,5070.0,,In Transit
PO_000740,SUP_006,PRD_0039,WH_3,2024-12-28,2025-01-15,,120,0,40.82,4898.4,,In Transit
PO_000741,SUP_002,PRD_0006,WH_1,2024-12-29,2025-01-23,,200,0,5.23,1046.0,,In Transit
PO_000742,SUP_002,PRD_0006,WH_4,2024-12-29,2025-01-23,,200,0,5.44,1088.0,,In Transit
PO_000743,SUP_003,PRD_0009,WH_4,2024-12-29,2025-01-08,,80,0,18.91,1512.8,,In Transit
PO_000744,SUP_004,PRD_0013,WH_2,2024-12-29,2025-01-05,,175,0,26.83,4695.25,,In Transit
PO_000745,SUP_004,PRD_0013,WH_3,2024-12-29,2025-01-05,,145,0,27.68,4013.6,,In Transit
PO_000746,SUP_002,PRD_0021,WH_1,2024-12-29,2025-01-23,,200,0,31.15,6230.0,,In Transit
PO_000747,SUP_002,PRD_0021,WH_5,2024-12-29,2025-01-23,,200,0,30.66,6132.0,,In Transit
PO_000748,SUP_001,PRD_0022,WH_1,2024-12-29,2025-01-03,,50,0,27.02,1351.0,,In Transit
PO_000749,SUP_001,PRD_0022,WH_3,2024-12-29,2025-01-03,,50,0,26.84,1342.0,,In Transit
PO_000750,SUP_006,PRD_0039,WH_1,2024-12-29,2025-01-16,,120,0,42.34,5080.8,,In Transit
PO_000751,SUP_006,PRD_0039,WH_3,2024-12-29,2025-01-16,,120,0,41.48,4977.6,,In Transit
PO_000752,SUP_002,PRD_0006,WH_1,2024-12-30,2025-01-24,,200,0,5.33,1066.0,,In Transit
PO_000753,SUP_002,PRD_0006,WH_4,2024-12-30,2025-01-24,,200,0,5.43,1086.0,,In Transit
PO_000754,SUP_003,PRD_0009,WH_4,2024-12-30,2025-01-09,,80,0,18.29,1463.2,,In Transit
PO_000755,SUP_004,PRD_0013,WH_2,2024-12-30,2025-01-06,,183,0,27.0,4941.0,,In Transit
PO_000756,SUP_004,PRD_0013,WH_3,2024-12-30,2025-01-06,,156,0,28.15,4391.4,,In Transit
PO_000757,SUP_002,PRD_0021,WH_1,2024-12-30,2025-01-24,,200,0,32.14,6428.0,,In Transit
PO_000758,SUP_002,PRD_0021,WH_5,2024-12-30,2025-01-24,,200,0,31.36,6272.0,,In Transit
PO_000759,SUP_001,PRD_0022,WH_1,2024-12-30,2025-01-04,,50,0,26.77,1338.5,,In Transit
PO_000760,SUP_001,PRD_0022,WH_3,2024-12-30,2025-01-04,,50,0,26.42,1321.0,,In Transit
PO_000761,SUP_006,PRD_0039,WH_1,2024-12-30,2025-01-17,,120,0,42.31,5077.2,,In Transit
PO_000762,SUP_006,PRD_0039,WH_3,2024-12-30,2025-01-17,,120,0,42.18,5061.6,,In Transit
PO_000763,SUP_002,PRD_0006,WH_1,2024-12-31,2025-01-25,,200,0,5.41,1082.0,,In Transit
PO_000764,SUP_002,PRD_0006,WH_4,2024-12-31,2025-01-25,,200,0,5.2,1040.0,,In Transit
PO_000765,SUP_003,PRD_0009,WH_4,2024-12-31,2025-01-10,,80,0,18.87,1509.6,,In Transit
PO_000766,SUP_004,PRD_0013,WH_2,2024-12-31,2025-01-07,,195,0,28.14,5487.3,,In Transit
PO_000767,SUP_004,PRD_0013,WH_3,2024-12-31,2025-01-07,,161,0,27.66,4453.26,,In Transit
PO_000768,SUP_002,PRD_0021,WH_1,2024-12-31,2025-01-25,,200,0,31.5,6300.0,,In Transit
PO_000769,SUP_002,PRD_0021,WH_5,2024-12-31,2025-01-25,,200,0,32.46,6492.0,,In Transit
PO_000770,SUP_001,PRD_0022,WH_1,2024-12-31,2025-01-05,,50,0,26.44,1322.0,,In Transit
PO_000771,SUP_001,PRD_0022,WH_3,2024-12-31,2025-01-05,,50,0,27.58,1379.0,,In Transit
PO_000772,SUP_006,PRD_0039,WH_1,2024-12-31,2025-01-18,,120,0,40.39,4846.8,,In Transit
PO_000773,SUP_006,PRD_0039,WH_3,2024-12-31,2025-01-18,,120,0,42.43,5091.6,,In Transit
